emotion,n_1,n_0,approach,arousal,attention,certainty,commitment,control,dominance,effort,fairness,identity,obstruction,safety,upswing,valence
Admiration,674,1411,0.6380500286404982,-0.4537160822228972,0.08189376484650758,0.37371036977585087,0.5378846419350988,0.7468053110554251,0.7554292526432245,-0.07734563829046046,0.3031546711948447,-0.002438459193066614,-0.632913670042244,0.7918836531905474,0.6244140404131249,0.9365254803347429
Adoration,203,1882,0.543042219547249,-1.1417969350360027,-0.9003876133959299,-0.1921271764343072,0.1919525649422724,0.18230244949657506,0.3200318887766798,-1.0892856139668696,0.47988259641448855,-0.24187836388330897,-0.8092025004196282,0.9194594623914641,0.33563899141403264,0.9483506461573208
Aesthetic-Appreciation,136,1949,0.22517963900602678,-0.8119515684573124,-0.2388866774843681,-0.14951416773336576,-0.2781957538461626,0.21200823684840564,0.2618826171134831,-0.6169401827313612,-0.08300071364015608,-0.35265961572469007,-0.6194610291845177,0.6038683978063231,0.04097394680572319,0.5781436377314093
Amusement,538,1547,0.22385327829722468,-0.1932633889883761,-0.4061168493784962,-0.17003155545982487,-0.37688993113174313,0.1899541872786104,0.09919433066071459,-0.49249265891165267,0.17246409783078237,-0.21478195030593575,-0.47826486620073316,0.6054121465811675,0.26673660732510907,0.5809494673649385
Anger,14,2071,-0.8622926413398477,0.623027560842033,0.1098255352811715,0.32918501047366383,0.14682884094021698,-0.2124104800089084,-0.22772611766227957,0.5694518610779996,-1.485177824339017,0.7376081878172964,0.9594742720389231,-0.8315165098539965,-0.7018178962627595,-1.6599523361203308
Anxiety,297,1788,-1.1666245072917614,1.045094052820878,0.4635613338684571,-0.4297755820908404,-0.4000591386900961,-1.1526314307784913,-1.2896096696395385,0.9504843314787681,-0.8187037845216619,0.11372284630874528,2.0079302740400475,-1.960679160874591,-1.4577513480747775,-2.2766674269042193
Awe,623,1462,0.35020983874698747,0.5068664129970126,0.7562949494817912,0.48127001921952905,0.2882596037515117,0.25716486696302887,0.387925752078206,0.4969088910971022,0.03633263072366337,0.1306509186101734,-0.059196678308036245,-0.1446853086651171,0.6160087698578594,0.1590367959484923
Awkwardness,115,1970,-0.7588869934973113,-0.06341861306910272,-0.3735668910672822,-0.6208805521245315,-0.6647938857188881,-0.44560860932469526,-0.4358180341839442,-0.17711605577790346,-0.09348512688909545,-0.10752779882613768,0.15747645875205454,-0.12173544290924766,-0.6136575006793791,-0.3900767128354962
Boredom,7,2078,-1.1724887710923169,-1.715988574247532,-1.5820034479436722,-0.7175985858479216,-0.5122631863193042,-0.45092662395064864,-0.13521468612024387,-0.7354083495586636,-0.26576515071261364,-0.3709550813013272,0.08651709798356645,0.3166995705656354,-1.0076798640364188,-0.6445067069985563
Calmness,400,1685,-0.11301419883308177,-1.7950163519969828,-0.9217770258251059,-0.15740887039970147,-0.1180546480683054,0.28429608781829957,0.439103597412782,-1.0380721583758439,0.3946206860623216,-0.4786624775700214,-0.7213830365572832,0.8717483290509014,-0.16687670681287958,0.5855658266797857
Confusion,21,2064,-0.6335954226775695,-0.10104314491756983,0.04736839764226747,-1.2162743694088756,-0.6939267983618461,-0.7231907113783614,-0.5060982055546926,0.05451181492889884,0.04318889609018101,-0.17120033381743435,0.5164741711618562,-0.13111592637636715,-0.7741818132897484,-0.7459225985527933
Contempt,8,2077,-1.29961533813877,0.10059702738870363,-0.03096925887743465,0.2075046669696622,-0.08414460499011005,0.06733167501877475,0.0941092611265834,-0.15795316445615173,-1.640594817245737,0.8609537149799096,0.36050573983893436,-0.5118759086487769,-0.8022327073024315,-1.4233544029902332
Craving,50,2035,0.8107468064719024,-0.28384248501197584,0.06206431027489483,-0.16748685959684265,-0.2083396706667684,0.17132786900761487,0.3456336379629498,-0.5736334094193734,-0.15036991307358086,-0.43710684083428336,-0.6395626665441055,0.5849594507772328,0.34090162812166735,0.7971875726465255
Disappointment,7,2078,-0.9210758554153651,0.1213328288532634,-0.45232559718358956,-0.5565092652999465,-0.3804580277157814,-0.9303388699632053,-0.502259271821892,0.21193708457131638,-0.080555850419056,0.4326562458701594,0.9089510692090597,0.001210306320043966,-1.4209700990044383,-1.5028183302192224
Disgust,93,1992,-1.3294501130041803,0.6106684785191167,0.33969738382811737,-0.5090930718855092,-0.723763060006164,-0.87955629083437,-1.2009469791692473,0.39761200450501943,-0.6591928815559622,0.023145055542246634,0.998143817467455,-1.2580871177890158,-1.406641122613712,-1.6660086076843175
Empathic-Pain,97,1988,-0.7203434264076077,0.05963954679749529,-0.11358630789492223,-0.2595729492586584,-0.11525827508753497,-0.7038225854260334,-0.6798858122688667,0.4518017663151679,-0.35659024355918256,0.06685700641872777,0.9453750852148212,-0.8232426088481232,-1.0142333055860258,-1.1774810506639262
Entrancement,126,1959,0.17378009910159065,-0.1064878084151928,0.5284344967797635,-0.05949211536827828,-0.09311451096878266,0.2172829089242268,0.32230585843028553,-0.11694772045953611,0.07825487240362722,-0.1923881298477426,-0.4156863416242505,0.42164468507803965,0.2812696805464834,0.42500812308313396
Envy,2,2083,0.8911342421258504,-0.6254767970711411,0.29595879479354,-0.635195511690059,-0.3137894717050034,0.34544906473750103,0.4140822574622159,0.1523896500225926,-0.8195624915859168,1.033107306301127,-0.27779479266288853,0.31590143606491705,0.27531075743637456,0.6341993920628787
Excitement,349,1736,0.7567145034345977,1.3279559669724899,0.7115756930521826,0.7111047843004797,0.686676620143197,0.43543063781828156,0.3817338676833178,0.9052874577009838,-0.040538022668991334,0.5459597703511317,-0.07484710122031019,-0.283307980181395,1.10755002368344,0.2515796824576418
Fear,392,1693,-1.0552202905019354,1.4846840623896813,0.6644809259657927,-0.2469343224698531,-0.4114797985232507,-1.3380761054238617,-1.375095365685702,1.1291707565461755,-0.6506453823960008,0.21467432750930987,2.106360081742256,-2.7146750979863126,-1.0819254349311571,-2.5912995973368047
Guilt,0,2085,,,,,,,,,,,,,,
Horror,139,1946,-1.546960629933664,1.251764525034415,0.5846542200646107,-0.6223172360099288,-0.8462415260628255,-1.6704740113981664,-1.820844844772602,0.9078040118646915,-0.9742657998462533,0.18741707690594103,2.1234734415809915,-2.0675181056891074,-1.8463754130401697,-2.1328072913316873
Interest,575,1510,-0.08547049742410112,-0.5529233085753018,0.04444385356768822,0.0032809839981147604,-0.25919387636680663,0.24020132642190384,0.16290838908617852,-0.21401409766803772,0.07976678555312268,-0.40585746122037447,-0.32702065579967715,0.36522495531603505,-0.2375061061920606,0.046937349095995506
Joy,405,1680,0.7431407943118858,-0.376030222211761,-0.6237893511707305,0.12176495251994206,0.47043474792094936,0.47749185250116155,0.47033888409893926,-0.5974120665384143,0.5358234030530692,0.15558290351831167,-0.7411020421520286,1.0058599857727408,0.8570544237750016,1.1572844961211173
Nostalgia,66,2019,-0.10447751408759581,-1.0815213807483186,-0.9969745047011089,-0.3046661973633019,-0.036254665156376396,0.1476183758447604,0.2472070673080586,-0.7269764610105414,0.14526861083418224,-0.09670254316147488,-0.5278720604213654,0.5348290697978841,-0.06301724896177985,0.43034148649693177
Pride,31,2054,0.6915924447443268,-0.10244213032504756,-0.12755593040421517,0.8104623343014787,1.1826930642233289,0.8648284336052993,1.0999372014149045,-0.1293184469435795,0.26915832673136847,1.7750257818672195,-0.47006041337243964,0.5739363047445514,0.8101904985250569,0.875273426376647
Relief,166,1919,-0.07774564378149888,-0.10944354953670214,-0.20050721517258915,0.2582333658049823,0.19479296030892887,0.21517823190817936,0.16483515529049952,0.09519872277714593,0.21876819389960328,-0.06227198170261949,0.15691639911464594,0.10887067501958833,0.13970911777728104,-0.055133382769007915
Romance,97,1988,0.8080934102487798,-0.5523421183792309,-0.7292343480578273,-0.016657211295813712,1.1594409763890876,0.14556611158176105,0.21267774031583797,-0.672650224992893,0.4001202287748507,0.3099143595020904,-0.6197584177511613,0.5063454312706857,0.4961473115963657,0.8155898331551367
Sadness,48,2037,-0.9970812595497701,-0.4176837519311918,-0.36633632092424473,-0.8230306923966344,-0.3015799488321979,-0.9853913043689438,-1.0917399283033136,-0.07303032997811763,-0.3423729127463018,0.18945864583031016,0.7938593681652161,-0.9173829304145849,-1.3796141027855067,-1.526552215343653
Satisfaction,76,2009,0.3167564146206572,-0.6775563162747988,-0.17479113167063204,0.3531202605205483,-0.12465831883905083,0.4969747560737864,0.4483492617745857,-0.4182238687903485,0.138506771954071,-0.3460645755194739,-0.5693947678686935,0.6017767820585826,0.1584979419410245,0.6071461777622142
Sexual-Desire,31,2054,0.7782899969465744,0.334638486249888,-0.2131447652729624,-0.2953427933928158,-0.06252755480086891,-0.0866862506298887,0.042785798336969987,-0.4815425889826078,-0.15404267557015414,0.4052883208984143,-0.5539178524049547,0.12219527855741977,0.22069617147699044,0.39988729318176464
Surprise,342,1743,-0.4262842437939042,0.6457529546695427,0.11623789944483308,-0.21831651042218755,-0.47536397741205366,-0.4612020120860713,-0.5028229145133586,0.1273922811050558,-0.15698161203355318,-0.0451733011352332,0.4119305498368567,-0.5352098976826891,-0.27806860388567783,-0.5417663286196805
Sympathy,38,2047,-0.37980295417937937,-0.6229654858554442,-0.6464656126216751,-0.5879287698450392,0.025425958266907592,-0.604353840652921,-0.5404578548261993,-0.13262091391859213,-0.0026241239075701648,-0.22635573433231992,0.31479027798067727,-0.35731224561524866,-0.7593472580975761,-0.781498930317469
Triumph,86,1999,0.7459086177904446,0.5116067111431304,0.24531400065202727,0.9174054461413166,1.308413041617498,0.9710341640540838,0.8629135973735845,0.5423936182668183,0.11774411911409323,1.2673822247338888,-0.2821807556404472,0.3903842108460861,1.1487745405285552,0.8406667053084598
