,,,video_id,cosine_distance
1,1.11E-16,,,
4,1,,,
22,1,,,
24,1,,,
56,1,,,
59,1,,,
62,1,,,
75,1,,,
124,1,,,
132,1,,,
155,1,,,
159,1,,,
200,1,,,
221,1,,,
225,1,,,
232,1,,,
239,1,,,
242,1,,,
252,1,,,
266,1,,,
323,1,,,
338,1,,,
353,1,,,
383,1,,,
398,1,,,
405,1,,,
437,1,,,
461,1,,,
483,1,,,
488,1,,,
501,1,,,
520,1,,,
522,1,,,
524,1,,,
544,1,,,
547,1,,,
613,1,,,
621,1,,,
624,1,,,
632,1,,,
641,1,,,
646,1,,,
670,1,,,
692,1,,,
695,1,,,
700,1,,,
721,1,,,
734,1,,,
736,1,,,
745,1,,,
746,1,,,
751,1,,,
765,1,,,
777,1,,,
793,1,,,
801,1,,,
810,1,,,
813,1,,,
879,1,,,
894,1,,,
906,1,,,
925,1,,,
933,1,,,
982,1,,,
990,1,,,
995,1,,,
1010,1,,,
1054,1,,,
1087,1,,,
1094,1,,,
1109,1,,,
1114,1,,,
1127,1,,,
1134,1,,,
1135,1,,,
1161,1,,,
1173,1,,,
1197,1,,,
1201,1,,,
1217,1,,,
1280,1,,,
1287,1,,,
1304,1,,,
1342,1,,,
1362,1,,,
1397,1,,,
1406,1,,,
1414,1,,,
1430,1,,,
1433,1,,,
1442,1,,,
1473,1,,,
1493,1,,,
1513,1,,,
1520,1,,,
1549,1,,,
1550,1,,,
1563,1,,,
1575,1,,,
1591,1,,,
1593,1,,,
1611,1,,,
1643,1,,,
1650,1,,,
1709,1,,,
1724,1,,,
1726,1,,,
1739,1,,,
1741,1,,,
1750,1,,,
1772,1,,,
1782,1,,,
1790,1,,,
1808,1,,,
1869,1,,,
1878,1,,,
1910,1,,,
1914,1,,,
1938,1,,,
1940,1,,,
1954,1,,,
1990,1,,,
2048,1,,,
2051,1,,,
2063,1,,,
2066,1,,,
2068,1,,,
2090,1,,,
2120,1,,,
2151,1,,,
2153,1,,,
2185,1,,,
49,0.999615532,,,
189,0.999615532,,,
211,0.999615532,,,
420,0.999615532,,,
468,0.999615532,,,
513,0.999615532,,,
581,0.999615532,,,
684,0.999615532,,,
720,0.999615532,,,
774,0.999615532,,,
796,0.999615532,,,
951,0.999615532,,,
993,0.999615532,,,
1100,0.999615532,,,
1351,0.999615532,,,
1367,0.999615532,,,
1404,0.999615532,,,
1495,0.999615532,,,
1502,0.999615532,,,
1612,0.999615532,,,
1618,0.999615532,,,
1652,0.999615532,,,
1659,0.999615532,,,
1686,0.999615532,,,
1800,0.999615532,,,
134,0.996155325,,,
156,0.996155325,,,
223,0.996155325,,,
224,0.996155325,,,
246,0.996155325,,,
254,0.996155325,,,
259,0.996155325,,,
313,0.996155325,,,
351,0.996155325,,,
431,0.996155325,,,
479,0.996155325,,,
532,0.996155325,,,
607,0.996155325,,,
638,0.996155325,,,
685,0.996155325,,,
694,0.996155325,,,
724,0.996155325,,,
762,0.996155325,,,
767,0.996155325,,,
778,0.996155325,,,
790,0.996155325,,,
799,0.996155325,,,
831,0.996155325,,,
833,0.996155325,,,
868,0.996155325,,,
911,0.996155325,,,
955,0.996155325,,,
977,0.996155325,,,
979,0.996155325,,,
987,0.996155325,,,
1001,0.996155325,,,
1007,0.996155325,,,
1017,0.996155325,,,
1155,0.996155325,,,
1202,0.996155325,,,
1227,0.996155325,,,
1284,0.996155325,,,
1319,0.996155325,,,
1350,0.996155325,,,
1356,0.996155325,,,
1453,0.996155325,,,
1535,0.996155325,,,
1627,0.996155325,,,
1671,0.996155325,,,
1888,0.996155325,,,
1908,0.996155325,,,
1979,0.996155325,,,
1994,0.996155325,,,
2029,0.996155325,,,
2147,0.996155325,,,
2154,0.996155325,,,
2157,0.996155325,,,
2165,0.996155325,,,
2166,0.996155325,,,
2169,0.996155325,,,
2014,0.996154586,,,
85,0.99231065,,,
118,0.99231065,,,
176,0.99231065,,,
209,0.99231065,,,
391,0.99231065,,,
396,0.99231065,,,
439,0.99231065,,,
579,0.99231065,,,
1019,0.99231065,,,
1147,0.99231065,,,
1301,0.99231065,,,
1533,0.99231065,,,
1744,0.99231065,,,
1747,0.99231065,,,
2003,0.99231065,,,
2077,0.99231065,,,
2101,0.99231065,,,
163,0.980776624,,,
197,0.980776624,,,
335,0.980776624,,,
381,0.980776624,,,
425,0.980776624,,,
491,0.980776624,,,
552,0.980776624,,,
555,0.980776624,,,
568,0.980776624,,,
614,0.980776624,,,
628,0.980776624,,,
653,0.980776624,,,
668,0.980776624,,,
672,0.980776624,,,
688,0.980776624,,,
719,0.980776624,,,
747,0.980776624,,,
763,0.980776624,,,
817,0.980776624,,,
819,0.980776624,,,
823,0.980776624,,,
825,0.980776624,,,
841,0.980776624,,,
910,0.980776624,,,
942,0.980776624,,,
943,0.980776624,,,
1031,0.980776624,,,
1064,0.980776624,,,
1091,0.980776624,,,
1095,0.980776624,,,
1115,0.980776624,,,
1141,0.980776624,,,
1229,0.980776624,,,
1244,0.980776624,,,
1315,0.980776624,,,
1329,0.980776624,,,
1389,0.980776624,,,
1391,0.980776624,,,
1402,0.980776624,,,
1405,0.980776624,,,
1418,0.980776624,,,
1443,0.980776624,,,
1467,0.980776624,,,
1481,0.980776624,,,
1521,0.980776624,,,
1538,0.980776624,,,
1553,0.980776624,,,
1604,0.980776624,,,
1610,0.980776624,,,
1625,0.980776624,,,
1626,0.980776624,,,
1681,0.980776624,,,
1695,0.980776624,,,
1703,0.980776624,,,
1707,0.980776624,,,
1792,0.980776624,,,
1793,0.980776624,,,
1841,0.980776624,,,
1915,0.980776624,,,
1943,0.980776624,,,
2073,0.980776624,,,
2086,0.980776624,,,
2119,0.980776624,,,
2130,0.980776624,,,
2134,0.980776624,,,
2137,0.980776624,,,
2177,0.980776624,,,
43,0.976931949,,,
194,0.976931949,,,
748,0.976931949,,,
769,0.976931949,,,
826,0.976931949,,,
1018,0.976931949,,,
1033,0.976931949,,,
1144,0.976931949,,,
1146,0.976931949,,,
1369,0.976931949,,,
1416,0.976931949,,,
1518,0.976931949,,,
1529,0.976931949,,,
1555,0.976931949,,,
1615,0.976931949,,,
1788,0.976931949,,,
1873,0.976931949,,,
1896,0.976931949,,,
1932,0.976931949,,,
2058,0.976931949,,,
2100,0.976931949,,,
2105,0.976931949,,,
2114,0.976931949,,,
2115,0.976931949,,,
2158,0.976931949,,,
2184,0.976931949,,,
157,0.961553249,,,
215,0.961553249,,,
311,0.961553249,,,
321,0.961553249,,,
403,0.961553249,,,
415,0.961553249,,,
451,0.961553249,,,
467,0.961553249,,,
471,0.961553249,,,
474,0.961553249,,,
485,0.961553249,,,
505,0.961553249,,,
528,0.961553249,,,
683,0.961553249,,,
742,0.961553249,,,
797,0.961553249,,,
821,0.961553249,,,
840,0.961553249,,,
852,0.961553249,,,
921,0.961553249,,,
998,0.961553249,,,
1021,0.961553249,,,
1092,0.961553249,,,
1139,0.961553249,,,
1178,0.961553249,,,
1214,0.961553249,,,
1314,0.961553249,,,
1328,0.961553249,,,
1335,0.961553249,,,
1344,0.961553249,,,
1474,0.961553249,,,
1478,0.961553249,,,
1488,0.961553249,,,
1489,0.961553249,,,
1587,0.961553249,,,
1589,0.961553249,,,
1682,0.961553249,,,
1777,0.961553249,,,
1842,0.961553249,,,
1844,0.961553249,,,
1900,0.961553249,,,
1904,0.961553249,,,
1919,0.961553249,,,
1955,0.961553249,,,
1981,0.961553249,,,
2005,0.961553249,,,
2037,0.961553249,,,
2122,0.961553249,,,
326,0.961545856,,,
1274,0.961545856,,,
1509,0.961545856,,,
218,0.961168781,,,
329,0.961168781,,,
795,0.961168781,,,
892,0.961168781,,,
931,0.961168781,,,
1058,0.961168781,,,
1395,0.961168781,,,
1465,0.961168781,,,
1573,0.961168781,,,
1578,0.961168781,,,
1786,0.961168781,,,
1810,0.961168781,,,
1830,0.961168781,,,
1916,0.961168781,,,
1939,0.961168781,,,
1970,0.961168781,,,
87,0.942329873,,,
94,0.942329873,,,
99,0.942329873,,,
109,0.942329873,,,
117,0.942329873,,,
182,0.942329873,,,
290,0.942329873,,,
296,0.942329873,,,
325,0.942329873,,,
360,0.942329873,,,
362,0.942329873,,,
404,0.942329873,,,
472,0.942329873,,,
510,0.942329873,,,
608,0.942329873,,,
629,0.942329873,,,
636,0.942329873,,,
708,0.942329873,,,
727,0.942329873,,,
754,0.942329873,,,
771,0.942329873,,,
822,0.942329873,,,
858,0.942329873,,,
862,0.942329873,,,
922,0.942329873,,,
934,0.942329873,,,
981,0.942329873,,,
1005,0.942329873,,,
1024,0.942329873,,,
1057,0.942329873,,,
1099,0.942329873,,,
1108,0.942329873,,,
1176,0.942329873,,,
1215,0.942329873,,,
1225,0.942329873,,,
1243,0.942329873,,,
1258,0.942329873,,,
1368,0.942329873,,,
1374,0.942329873,,,
1381,0.942329873,,,
1393,0.942329873,,,
1522,0.942329873,,,
1572,0.942329873,,,
1585,0.942329873,,,
1607,0.942329873,,,
1706,0.942329873,,,
1725,0.942329873,,,
1768,0.942329873,,,
1845,0.942329873,,,
1862,0.942329873,,,
1881,0.942329873,,,
1885,0.942329873,,,
1929,0.942329873,,,
1958,0.942329873,,,
2088,0.942329873,,,
2093,0.942329873,,,
2094,0.942329873,,,
2107,0.942329873,,,
2117,0.942329873,,,
2135,0.942329873,,,
2171,0.942329873,,,
536,0.942318784,,,
17,0.923106498,,,
26,0.923106498,,,
73,0.923106498,,,
180,0.923106498,,,
317,0.923106498,,,
348,0.923106498,,,
397,0.923106498,,,
459,0.923106498,,,
533,0.923106498,,,
580,0.923106498,,,
645,0.923106498,,,
693,0.923106498,,,
1012,0.923106498,,,
1120,0.923106498,,,
1187,0.923106498,,,
1426,0.923106498,,,
1439,0.923106498,,,
1554,0.923106498,,,
1620,0.923106498,,,
1693,0.923106498,,,
1781,0.923106498,,,
1890,0.923106498,,,
1897,0.923106498,,,
1986,0.923106498,,,
2181,0.923106498,,,
19,0.807766244,,,
41,0.807766244,,,
54,0.807766244,,,
63,0.807766244,,,
106,0.807766244,,,
111,0.807766244,,,
171,0.807766244,,,
177,0.807766244,,,
214,0.807766244,,,
253,0.807766244,,,
282,0.807766244,,,
307,0.807766244,,,
308,0.807766244,,,
315,0.807766244,,,
352,0.807766244,,,
375,0.807766244,,,
388,0.807766244,,,
432,0.807766244,,,
438,0.807766244,,,
457,0.807766244,,,
482,0.807766244,,,
484,0.807766244,,,
523,0.807766244,,,
539,0.807766244,,,
543,0.807766244,,,
556,0.807766244,,,
578,0.807766244,,,
586,0.807766244,,,
592,0.807766244,,,
669,0.807766244,,,
703,0.807766244,,,
722,0.807766244,,,
772,0.807766244,,,
805,0.807766244,,,
834,0.807766244,,,
837,0.807766244,,,
885,0.807766244,,,
888,0.807766244,,,
908,0.807766244,,,
930,0.807766244,,,
948,0.807766244,,,
949,0.807766244,,,
958,0.807766244,,,
985,0.807766244,,,
1030,0.807766244,,,
1036,0.807766244,,,
1037,0.807766244,,,
1067,0.807766244,,,
1077,0.807766244,,,
1084,0.807766244,,,
1097,0.807766244,,,
1126,0.807766244,,,
1129,0.807766244,,,
1140,0.807766244,,,
1150,0.807766244,,,
1163,0.807766244,,,
1170,0.807766244,,,
1175,0.807766244,,,
1184,0.807766244,,,
1220,0.807766244,,,
1236,0.807766244,,,
1265,0.807766244,,,
1306,0.807766244,,,
1310,0.807766244,,,
1334,0.807766244,,,
1343,0.807766244,,,
1365,0.807766244,,,
1376,0.807766244,,,
1379,0.807766244,,,
1403,0.807766244,,,
1413,0.807766244,,,
1417,0.807766244,,,
1429,0.807766244,,,
1440,0.807766244,,,
1454,0.807766244,,,
1480,0.807766244,,,
1487,0.807766244,,,
1523,0.807766244,,,
1528,0.807766244,,,
1547,0.807766244,,,
1646,0.807766244,,,
1699,0.807766244,,,
1720,0.807766244,,,
1723,0.807766244,,,
1812,0.807766244,,,
1816,0.807766244,,,
1828,0.807766244,,,
1837,0.807766244,,,
1946,0.807766244,,,
1950,0.807766244,,,
1957,0.807766244,,,
2009,0.807766244,,,
2027,0.807766244,,,
2030,0.807766244,,,
2040,0.807766244,,,
2096,0.807766244,,,
128,0.807729279,,,
327,0.807729279,,,
570,0.807729279,,,
699,0.807729279,,,
832,0.807729279,,,
1035,0.807729279,,,
1076,0.807729279,,,
1259,0.807729279,,,
1264,0.807729279,,,
20,0.807381776,,,
160,0.807381776,,,
169,0.807381776,,,
302,0.807381776,,,
318,0.807381776,,,
341,0.807381776,,,
355,0.807381776,,,
414,0.807381776,,,
443,0.807381776,,,
453,0.807381776,,,
462,0.807381776,,,
470,0.807381776,,,
521,0.807381776,,,
541,0.807381776,,,
665,0.807381776,,,
726,0.807381776,,,
750,0.807381776,,,
753,0.807381776,,,
759,0.807381776,,,
785,0.807381776,,,
893,0.807381776,,,
945,0.807381776,,,
971,0.807381776,,,
1060,0.807381776,,,
1072,0.807381776,,,
1096,0.807381776,,,
1105,0.807381776,,,
1181,0.807381776,,,
1250,0.807381776,,,
1419,0.807381776,,,
1505,0.807381776,,,
1665,0.807381776,,,
1736,0.807381776,,,
1749,0.807381776,,,
1831,0.807381776,,,
1867,0.807381776,,,
1952,0.807381776,,,
1963,0.807381776,,,
2028,0.807381776,,,
2141,0.807381776,,,
2182,0.807381776,,,
220,0.803921569,,,
233,0.803921569,,,
275,0.803921569,,,
343,0.803921569,,,
512,0.803921569,,,
517,0.803921569,,,
557,0.803921569,,,
564,0.803921569,,,
590,0.803921569,,,
594,0.803921569,,,
640,0.803921569,,,
664,0.803921569,,,
690,0.803921569,,,
835,0.803921569,,,
950,0.803921569,,,
1078,0.803921569,,,
1085,0.803921569,,,
1102,0.803921569,,,
1124,0.803921569,,,
1188,0.803921569,,,
1209,0.803921569,,,
1211,0.803921569,,,
1245,0.803921569,,,
1276,0.803921569,,,
1327,0.803921569,,,
1341,0.803921569,,,
1371,0.803921569,,,
1409,0.803921569,,,
1428,0.803921569,,,
1500,0.803921569,,,
1536,0.803921569,,,
1542,0.803921569,,,
1597,0.803921569,,,
1635,0.803921569,,,
1648,0.803921569,,,
1662,0.803921569,,,
1697,0.803921569,,,
1734,0.803921569,,,
1761,0.803921569,,,
1766,0.803921569,,,
1769,0.803921569,,,
1770,0.803921569,,,
1794,0.803921569,,,
1805,0.803921569,,,
1820,0.803921569,,,
1825,0.803921569,,,
1835,0.803921569,,,
1861,0.803921569,,,
1880,0.803921569,,,
1889,0.803921569,,,
1924,0.803921569,,,
1933,0.803921569,,,
1935,0.803921569,,,
1961,0.803921569,,,
2004,0.803921569,,,
2038,0.803921569,,,
2044,0.803921569,,,
2054,0.803921569,,,
2067,0.803921569,,,
2076,0.803921569,,,
2083,0.803921569,,,
2126,0.803921569,,,
13,0.788542868,,,
34,0.788542868,,,
79,0.788542868,,,
120,0.788542868,,,
139,0.788542868,,,
219,0.788542868,,,
238,0.788542868,,,
306,0.788542868,,,
419,0.788542868,,,
421,0.788542868,,,
448,0.788542868,,,
531,0.788542868,,,
545,0.788542868,,,
642,0.788542868,,,
677,0.788542868,,,
680,0.788542868,,,
705,0.788542868,,,
712,0.788542868,,,
735,0.788542868,,,
740,0.788542868,,,
809,0.788542868,,,
827,0.788542868,,,
844,0.788542868,,,
871,0.788542868,,,
923,0.788542868,,,
957,0.788542868,,,
968,0.788542868,,,
992,0.788542868,,,
1002,0.788542868,,,
1027,0.788542868,,,
1055,0.788542868,,,
1122,0.788542868,,,
1142,0.788542868,,,
1171,0.788542868,,,
1174,0.788542868,,,
1253,0.788542868,,,
1321,0.788542868,,,
1378,0.788542868,,,
1380,0.788542868,,,
1398,0.788542868,,,
1421,0.788542868,,,
1466,0.788542868,,,
1482,0.788542868,,,
1532,0.788542868,,,
1632,0.788542868,,,
1649,0.788542868,,,
1661,0.788542868,,,
1742,0.788542868,,,
1799,0.788542868,,,
1843,0.788542868,,,
1871,0.788542868,,,
1893,0.788542868,,,
1898,0.788542868,,,
1906,0.788542868,,,
1941,0.788542868,,,
1982,0.788542868,,,
2000,0.788542868,,,
2179,0.788542868,,,
80,0.788502207,,,
387,0.788502207,,,
784,0.788502207,,,
1203,0.788502207,,,
1479,0.788502207,,,
52,0.784698193,,,
65,0.784698193,,,
66,0.784698193,,,
114,0.784698193,,,
143,0.784698193,,,
183,0.784698193,,,
198,0.784698193,,,
310,0.784698193,,,
374,0.784698193,,,
401,0.784698193,,,
447,0.784698193,,,
454,0.784698193,,,
469,0.784698193,,,
473,0.784698193,,,
489,0.784698193,,,
493,0.784698193,,,
499,0.784698193,,,
515,0.784698193,,,
519,0.784698193,,,
571,0.784698193,,,
596,0.784698193,,,
609,0.784698193,,,
651,0.784698193,,,
663,0.784698193,,,
671,0.784698193,,,
681,0.784698193,,,
766,0.784698193,,,
811,0.784698193,,,
848,0.784698193,,,
853,0.784698193,,,
877,0.784698193,,,
901,0.784698193,,,
963,0.784698193,,,
1025,0.784698193,,,
1083,0.784698193,,,
1089,0.784698193,,,
1138,0.784698193,,,
1168,0.784698193,,,
1212,0.784698193,,,
1223,0.784698193,,,
1294,0.784698193,,,
1331,0.784698193,,,
1353,0.784698193,,,
1360,0.784698193,,,
1386,0.784698193,,,
1462,0.784698193,,,
1476,0.784698193,,,
1510,0.784698193,,,
1516,0.784698193,,,
1517,0.784698193,,,
1531,0.784698193,,,
1534,0.784698193,,,
1601,0.784698193,,,
1638,0.784698193,,,
1644,0.784698193,,,
1666,0.784698193,,,
1678,0.784698193,,,
1680,0.784698193,,,
1687,0.784698193,,,
1689,0.784698193,,,
1715,0.784698193,,,
1732,0.784698193,,,
1784,0.784698193,,,
1822,0.784698193,,,
1836,0.784698193,,,
1883,0.784698193,,,
1887,0.784698193,,,
1936,0.784698193,,,
1947,0.784698193,,,
1948,0.784698193,,,
1999,0.784698193,,,
2023,0.784698193,,,
2070,0.784698193,,,
2078,0.784698193,,,
2082,0.784698193,,,
2104,0.784698193,,,
2116,0.784698193,,,
2183,0.784698193,,,
25,0.615532488,,,
31,0.615532488,,,
40,0.615532488,,,
64,0.615532488,,,
70,0.615532488,,,
90,0.615532488,,,
95,0.615532488,,,
97,0.615532488,,,
100,0.615532488,,,
103,0.615532488,,,
123,0.615532488,,,
125,0.615532488,,,
129,0.615532488,,,
137,0.615532488,,,
236,0.615532488,,,
250,0.615532488,,,
256,0.615532488,,,
258,0.615532488,,,
265,0.615532488,,,
279,0.615532488,,,
286,0.615532488,,,
287,0.615532488,,,
303,0.615532488,,,
328,0.615532488,,,
336,0.615532488,,,
357,0.615532488,,,
358,0.615532488,,,
367,0.615532488,,,
368,0.615532488,,,
372,0.615532488,,,
380,0.615532488,,,
409,0.615532488,,,
427,0.615532488,,,
465,0.615532488,,,
477,0.615532488,,,
486,0.615532488,,,
498,0.615532488,,,
534,0.615532488,,,
540,0.615532488,,,
560,0.615532488,,,
567,0.615532488,,,
569,0.615532488,,,
576,0.615532488,,,
612,0.615532488,,,
615,0.615532488,,,
660,0.615532488,,,
667,0.615532488,,,
715,0.615532488,,,
737,0.615532488,,,
791,0.615532488,,,
794,0.615532488,,,
867,0.615532488,,,
881,0.615532488,,,
884,0.615532488,,,
913,0.615532488,,,
932,0.615532488,,,
941,0.615532488,,,
946,0.615532488,,,
983,0.615532488,,,
1041,0.615532488,,,
1045,0.615532488,,,
1046,0.615532488,,,
1066,0.615532488,,,
1073,0.615532488,,,
1119,0.615532488,,,
1131,0.615532488,,,
1153,0.615532488,,,
1154,0.615532488,,,
1160,0.615532488,,,
1179,0.615532488,,,
1200,0.615532488,,,
1233,0.615532488,,,
1312,0.615532488,,,
1316,0.615532488,,,
1330,0.615532488,,,
1347,0.615532488,,,
1355,0.615532488,,,
1373,0.615532488,,,
1483,0.615532488,,,
1501,0.615532488,,,
1544,0.615532488,,,
1545,0.615532488,,,
1562,0.615532488,,,
1567,0.615532488,,,
1570,0.615532488,,,
1637,0.615532488,,,
1667,0.615532488,,,
1670,0.615532488,,,
1688,0.615532488,,,
1733,0.615532488,,,
1752,0.615532488,,,
1774,0.615532488,,,
1783,0.615532488,,,
1795,0.615532488,,,
1807,0.615532488,,,
1823,0.615532488,,,
1827,0.615532488,,,
1829,0.615532488,,,
1839,0.615532488,,,
1848,0.615532488,,,
1921,0.615532488,,,
1937,0.615532488,,,
2013,0.615532488,,,
2031,0.615532488,,,
2041,0.615532488,,,
2060,0.615532488,,,
2097,0.615532488,,,
2138,0.615532488,,,
2139,0.615532488,,,
2140,0.615532488,,,
2160,0.615532488,,,
333,0.615458559,,,
565,0.615458559,,,
598,0.615458559,,,
733,0.615458559,,,
953,0.615458559,,,
1302,0.615458559,,,
2035,0.615458559,,,
12,0.61514802,,,
23,0.61514802,,,
27,0.61514802,,,
37,0.61514802,,,
44,0.61514802,,,
91,0.61514802,,,
135,0.61514802,,,
142,0.61514802,,,
150,0.61514802,,,
234,0.61514802,,,
291,0.61514802,,,
332,0.61514802,,,
339,0.61514802,,,
340,0.61514802,,,
345,0.61514802,,,
392,0.61514802,,,
537,0.61514802,,,
587,0.61514802,,,
616,0.61514802,,,
662,0.61514802,,,
725,0.61514802,,,
743,0.61514802,,,
756,0.61514802,,,
786,0.61514802,,,
788,0.61514802,,,
789,0.61514802,,,
830,0.61514802,,,
838,0.61514802,,,
855,0.61514802,,,
856,0.61514802,,,
898,0.61514802,,,
915,0.61514802,,,
919,0.61514802,,,
965,0.61514802,,,
991,0.61514802,,,
994,0.61514802,,,
1022,0.61514802,,,
1048,0.61514802,,,
1065,0.61514802,,,
1162,0.61514802,,,
1189,0.61514802,,,
1194,0.61514802,,,
1272,0.61514802,,,
1279,0.61514802,,,
1324,0.61514802,,,
1333,0.61514802,,,
1359,0.61514802,,,
1370,0.61514802,,,
1372,0.61514802,,,
1384,0.61514802,,,
1412,0.61514802,,,
1445,0.61514802,,,
1475,0.61514802,,,
1588,0.61514802,,,
1592,0.61514802,,,
1605,0.61514802,,,
1634,0.61514802,,,
1651,0.61514802,,,
1690,0.61514802,,,
1731,0.61514802,,,
1738,0.61514802,,,
1743,0.61514802,,,
1789,0.61514802,,,
1824,0.61514802,,,
1840,0.61514802,,,
1863,0.61514802,,,
1864,0.61514802,,,
1922,0.61514802,,,
1959,0.61514802,,,
1962,0.61514802,,,
2006,0.61514802,,,
2036,0.61514802,,,
2056,0.61514802,,,
2112,0.61514802,,,
2124,0.61514802,,,
2144,0.61514802,,,
2148,0.61514802,,,
2155,0.61514802,,,
2159,0.61514802,,,
2,0.038831219,,,
6,0.038831219,,,
11,0.038831219,,,
21,0.038831219,,,
36,0.038831219,,,
71,0.038831219,,,
82,0.038831219,,,
93,0.038831219,,,
108,0.038831219,,,
115,0.038831219,,,
165,0.038831219,,,
174,0.038831219,,,
203,0.038831219,,,
241,0.038831219,,,
244,0.038831219,,,
257,0.038831219,,,
262,0.038831219,,,
268,0.038831219,,,
330,0.038831219,,,
342,0.038831219,,,
399,0.038831219,,,
417,0.038831219,,,
424,0.038831219,,,
452,0.038831219,,,
455,0.038831219,,,
456,0.038831219,,,
463,0.038831219,,,
507,0.038831219,,,
529,0.038831219,,,
551,0.038831219,,,
582,0.038831219,,,
583,0.038831219,,,
589,0.038831219,,,
610,0.038831219,,,
630,0.038831219,,,
654,0.038831219,,,
701,0.038831219,,,
710,0.038831219,,,
714,0.038831219,,,
730,0.038831219,,,
761,0.038831219,,,
768,0.038831219,,,
779,0.038831219,,,
781,0.038831219,,,
800,0.038831219,,,
804,0.038831219,,,
824,0.038831219,,,
869,0.038831219,,,
900,0.038831219,,,
916,0.038831219,,,
917,0.038831219,,,
936,0.038831219,,,
947,0.038831219,,,
1040,0.038831219,,,
1044,0.038831219,,,
1056,0.038831219,,,
1059,0.038831219,,,
1068,0.038831219,,,
1082,0.038831219,,,
1104,0.038831219,,,
1145,0.038831219,,,
1177,0.038831219,,,
1190,0.038831219,,,
1196,0.038831219,,,
1228,0.038831219,,,
1235,0.038831219,,,
1246,0.038831219,,,
1249,0.038831219,,,
1252,0.038831219,,,
1256,0.038831219,,,
1267,0.038831219,,,
1282,0.038831219,,,
1291,0.038831219,,,
1303,0.038831219,,,
1322,0.038831219,,,
1323,0.038831219,,,
1349,0.038831219,,,
1352,0.038831219,,,
1361,0.038831219,,,
1390,0.038831219,,,
1392,0.038831219,,,
1401,0.038831219,,,
1420,0.038831219,,,
1459,0.038831219,,,
1486,0.038831219,,,
1499,0.038831219,,,
1503,0.038831219,,,
1511,0.038831219,,,
1524,0.038831219,,,
1541,0.038831219,,,
1580,0.038831219,,,
1582,0.038831219,,,
1594,0.038831219,,,
1596,0.038831219,,,
1609,0.038831219,,,
1633,0.038831219,,,
1636,0.038831219,,,
1655,0.038831219,,,
1663,0.038831219,,,
1664,0.038831219,,,
1765,0.038831219,,,
1778,0.038831219,,,
1813,0.038831219,,,
1817,0.038831219,,,
1819,0.038831219,,,
1838,0.038831219,,,
1865,0.038831219,,,
1882,0.038831219,,,
1928,0.038831219,,,
1930,0.038831219,,,
1949,0.038831219,,,
1953,0.038831219,,,
1975,0.038831219,,,
2001,0.038831219,,,
2011,0.038831219,,,
2018,0.038831219,,,
2021,0.038831219,,,
2032,0.038831219,,,
2034,0.038831219,,,
2072,0.038831219,,,
2125,0.038831219,,,
2146,0.038831219,,,
2156,0.038831219,,,
445,0.038646396,,,
480,0.038646396,,,
597,0.038646396,,,
816,0.038646396,,,
1034,0.038646396,,,
1180,0.038646396,,,
1320,0.038646396,,,
1858,0.038646396,,,
1866,0.038646396,,,
1931,0.038646396,,,
2178,0.038646396,,,
7,0.038446751,,,
16,0.038446751,,,
35,0.038446751,,,
84,0.038446751,,,
92,0.038446751,,,
96,0.038446751,,,
172,0.038446751,,,
173,0.038446751,,,
179,0.038446751,,,
181,0.038446751,,,
201,0.038446751,,,
205,0.038446751,,,
249,0.038446751,,,
293,0.038446751,,,
369,0.038446751,,,
370,0.038446751,,,
379,0.038446751,,,
386,0.038446751,,,
400,0.038446751,,,
407,0.038446751,,,
410,0.038446751,,,
426,0.038446751,,,
446,0.038446751,,,
487,0.038446751,,,
495,0.038446751,,,
525,0.038446751,,,
550,0.038446751,,,
553,0.038446751,,,
554,0.038446751,,,
572,0.038446751,,,
600,0.038446751,,,
622,0.038446751,,,
676,0.038446751,,,
716,0.038446751,,,
758,0.038446751,,,
874,0.038446751,,,
886,0.038446751,,,
924,0.038446751,,,
1009,0.038446751,,,
1166,0.038446751,,,
1199,0.038446751,,,
1238,0.038446751,,,
1251,0.038446751,,,
1269,0.038446751,,,
1275,0.038446751,,,
1281,0.038446751,,,
1295,0.038446751,,,
1363,0.038446751,,,
1364,0.038446751,,,
1425,0.038446751,,,
1431,0.038446751,,,
1537,0.038446751,,,
1559,0.038446751,,,
1568,0.038446751,,,
1608,0.038446751,,,
1623,0.038446751,,,
1624,0.038446751,,,
1647,0.038446751,,,
1653,0.038446751,,,
1658,0.038446751,,,
1691,0.038446751,,,
1717,0.038446751,,,
1729,0.038446751,,,
1754,0.038446751,,,
1814,0.038446751,,,
1815,0.038446751,,,
1833,0.038446751,,,
1851,0.038446751,,,
1852,0.038446751,,,
1876,0.038446751,,,
1978,0.038446751,,,
1992,0.038446751,,,
1998,0.038446751,,,
2010,0.038446751,,,
2080,0.038446751,,,
2113,0.038446751,,,
5,0.034986544,,,
28,0.034986544,,,
32,0.034986544,,,
38,0.034986544,,,
50,0.034986544,,,
60,0.034986544,,,
72,0.034986544,,,
83,0.034986544,,,
86,0.034986544,,,
88,0.034986544,,,
89,0.034986544,,,
104,0.034986544,,,
107,0.034986544,,,
121,0.034986544,,,
144,0.034986544,,,
145,0.034986544,,,
146,0.034986544,,,
151,0.034986544,,,
167,0.034986544,,,
168,0.034986544,,,
175,0.034986544,,,
178,0.034986544,,,
185,0.034986544,,,
192,0.034986544,,,
193,0.034986544,,,
196,0.034986544,,,
208,0.034986544,,,
229,0.034986544,,,
240,0.034986544,,,
245,0.034986544,,,
251,0.034986544,,,
264,0.034986544,,,
271,0.034986544,,,
278,0.034986544,,,
288,0.034986544,,,
292,0.034986544,,,
297,0.034986544,,,
298,0.034986544,,,
319,0.034986544,,,
344,0.034986544,,,
361,0.034986544,,,
366,0.034986544,,,
390,0.034986544,,,
394,0.034986544,,,
402,0.034986544,,,
428,0.034986544,,,
430,0.034986544,,,
496,0.034986544,,,
502,0.034986544,,,
538,0.034986544,,,
549,0.034986544,,,
558,0.034986544,,,
561,0.034986544,,,
563,0.034986544,,,
573,0.034986544,,,
575,0.034986544,,,
584,0.034986544,,,
585,0.034986544,,,
602,0.034986544,,,
619,0.034986544,,,
623,0.034986544,,,
625,0.034986544,,,
631,0.034986544,,,
634,0.034986544,,,
637,0.034986544,,,
639,0.034986544,,,
648,0.034986544,,,
652,0.034986544,,,
674,0.034986544,,,
675,0.034986544,,,
678,0.034986544,,,
686,0.034986544,,,
697,0.034986544,,,
702,0.034986544,,,
706,0.034986544,,,
718,0.034986544,,,
741,0.034986544,,,
770,0.034986544,,,
776,0.034986544,,,
780,0.034986544,,,
783,0.034986544,,,
806,0.034986544,,,
815,0.034986544,,,
859,0.034986544,,,
870,0.034986544,,,
878,0.034986544,,,
887,0.034986544,,,
895,0.034986544,,,
904,0.034986544,,,
918,0.034986544,,,
920,0.034986544,,,
939,0.034986544,,,
944,0.034986544,,,
959,0.034986544,,,
964,0.034986544,,,
972,0.034986544,,,
976,0.034986544,,,
986,0.034986544,,,
996,0.034986544,,,
1000,0.034986544,,,
1013,0.034986544,,,
1032,0.034986544,,,
1039,0.034986544,,,
1042,0.034986544,,,
1049,0.034986544,,,
1063,0.034986544,,,
1086,0.034986544,,,
1088,0.034986544,,,
1107,0.034986544,,,
1113,0.034986544,,,
1121,0.034986544,,,
1125,0.034986544,,,
1133,0.034986544,,,
1149,0.034986544,,,
1156,0.034986544,,,
1159,0.034986544,,,
1186,0.034986544,,,
1192,0.034986544,,,
1198,0.034986544,,,
1206,0.034986544,,,
1218,0.034986544,,,
1239,0.034986544,,,
1242,0.034986544,,,
1255,0.034986544,,,
1270,0.034986544,,,
1271,0.034986544,,,
1278,0.034986544,,,
1283,0.034986544,,,
1285,0.034986544,,,
1298,0.034986544,,,
1325,0.034986544,,,
1336,0.034986544,,,
1346,0.034986544,,,
1354,0.034986544,,,
1358,0.034986544,,,
1387,0.034986544,,,
1388,0.034986544,,,
1408,0.034986544,,,
1410,0.034986544,,,
1424,0.034986544,,,
1441,0.034986544,,,
1444,0.034986544,,,
1450,0.034986544,,,
1451,0.034986544,,,
1458,0.034986544,,,
1461,0.034986544,,,
1463,0.034986544,,,
1464,0.034986544,,,
1469,0.034986544,,,
1477,0.034986544,,,
1492,0.034986544,,,
1512,0.034986544,,,
1514,0.034986544,,,
1515,0.034986544,,,
1526,0.034986544,,,
1540,0.034986544,,,
1546,0.034986544,,,
1552,0.034986544,,,
1556,0.034986544,,,
1557,0.034986544,,,
1558,0.034986544,,,
1560,0.034986544,,,
1564,0.034986544,,,
1569,0.034986544,,,
1574,0.034986544,,,
1576,0.034986544,,,
1577,0.034986544,,,
1583,0.034986544,,,
1586,0.034986544,,,
1598,0.034986544,,,
1602,0.034986544,,,
1603,0.034986544,,,
1619,0.034986544,,,
1657,0.034986544,,,
1669,0.034986544,,,
1674,0.034986544,,,
1676,0.034986544,,,
1696,0.034986544,,,
1698,0.034986544,,,
1700,0.034986544,,,
1702,0.034986544,,,
1711,0.034986544,,,
1721,0.034986544,,,
1727,0.034986544,,,
1735,0.034986544,,,
1745,0.034986544,,,
1755,0.034986544,,,
1767,0.034986544,,,
1773,0.034986544,,,
1775,0.034986544,,,
1779,0.034986544,,,
1791,0.034986544,,,
1796,0.034986544,,,
1797,0.034986544,,,
1818,0.034986544,,,
1821,0.034986544,,,
1826,0.034986544,,,
1832,0.034986544,,,
1834,0.034986544,,,
1846,0.034986544,,,
1850,0.034986544,,,
1854,0.034986544,,,
1857,0.034986544,,,
1860,0.034986544,,,
1879,0.034986544,,,
1886,0.034986544,,,
1899,0.034986544,,,
1902,0.034986544,,,
1912,0.034986544,,,
1918,0.034986544,,,
1920,0.034986544,,,
1923,0.034986544,,,
1945,0.034986544,,,
1960,0.034986544,,,
1966,0.034986544,,,
1967,0.034986544,,,
1968,0.034986544,,,
1976,0.034986544,,,
1991,0.034986544,,,
2012,0.034986544,,,
2017,0.034986544,,,
2019,0.034986544,,,
2026,0.034986544,,,
2039,0.034986544,,,
2042,0.034986544,,,
2043,0.034986544,,,
2046,0.034986544,,,
2050,0.034986544,,,
2052,0.034986544,,,
2065,0.034986544,,,
2075,0.034986544,,,
2095,0.034986544,,,
2103,0.034986544,,,
2106,0.034986544,,,
2127,0.034986544,,,
2128,0.034986544,,,
2129,0.034986544,,,
2131,0.034986544,,,
2132,0.034986544,,,
2143,0.034986544,,,
2145,0.034986544,,,
136,0.034800982,,,
153,0.034800982,,,
334,0.034800982,,,
408,0.034800982,,,
506,0.034800982,,,
644,0.034800982,,,
1079,0.034800982,,,
1222,0.034800982,,,
1654,0.034800982,,,
8,0.031141869,,,
30,0.031141869,,,
53,0.031141869,,,
113,0.031141869,,,
122,0.031141869,,,
188,0.031141869,,,
206,0.031141869,,,
210,0.031141869,,,
247,0.031141869,,,
255,0.031141869,,,
263,0.031141869,,,
272,0.031141869,,,
281,0.031141869,,,
284,0.031141869,,,
305,0.031141869,,,
365,0.031141869,,,
429,0.031141869,,,
433,0.031141869,,,
441,0.031141869,,,
475,0.031141869,,,
509,0.031141869,,,
527,0.031141869,,,
535,0.031141869,,,
611,0.031141869,,,
723,0.031141869,,,
729,0.031141869,,,
803,0.031141869,,,
843,0.031141869,,,
866,0.031141869,,,
890,0.031141869,,,
927,0.031141869,,,
928,0.031141869,,,
1020,0.031141869,,,
1050,0.031141869,,,
1093,0.031141869,,,
1101,0.031141869,,,
1123,0.031141869,,,
1151,0.031141869,,,
1164,0.031141869,,,
1204,0.031141869,,,
1224,0.031141869,,,
1277,0.031141869,,,
1357,0.031141869,,,
1423,0.031141869,,,
1435,0.031141869,,,
1455,0.031141869,,,
1457,0.031141869,,,
1496,0.031141869,,,
1498,0.031141869,,,
1527,0.031141869,,,
1656,0.031141869,,,
1713,0.031141869,,,
1716,0.031141869,,,
1758,0.031141869,,,
1771,0.031141869,,,
1855,0.031141869,,,
1891,0.031141869,,,
1995,0.031141869,,,
2079,0.031141869,,,
2108,0.031141869,,,
2123,0.031141869,,,
2172,0.031141869,,,
61,0.031141869,,,
68,0.031141869,,,
141,0.031141869,,,
195,0.031141869,,,
213,0.031141869,,,
231,0.031141869,,,
385,0.031141869,,,
449,0.031141869,,,
559,0.031141869,,,
787,0.031141869,,,
807,0.031141869,,,
914,0.031141869,,,
1011,0.031141869,,,
1132,0.031141869,,,
1332,0.031141869,,,
1679,0.031141869,,,
1764,0.031141869,,,
1870,0.031141869,,,
2008,0.031141869,,,
2024,0.031141869,,,
105,0.019607843,,,
15,0.000384468,,,
39,0.000384468,,,
45,0.000384468,,,
46,0.000384468,,,
47,0.000384468,,,
55,0.000384468,,,
67,0.000384468,,,
69,0.000384468,,,
74,0.000384468,,,
76,0.000384468,,,
77,0.000384468,,,
78,0.000384468,,,
81,0.000384468,,,
101,0.000384468,,,
110,0.000384468,,,
116,0.000384468,,,
126,0.000384468,,,
148,0.000384468,,,
152,0.000384468,,,
161,0.000384468,,,
191,0.000384468,,,
204,0.000384468,,,
207,0.000384468,,,
216,0.000384468,,,
217,0.000384468,,,
248,0.000384468,,,
260,0.000384468,,,
273,0.000384468,,,
280,0.000384468,,,
283,0.000384468,,,
285,0.000384468,,,
289,0.000384468,,,
294,0.000384468,,,
299,0.000384468,,,
314,0.000384468,,,
322,0.000384468,,,
324,0.000384468,,,
331,0.000384468,,,
349,0.000384468,,,
350,0.000384468,,,
354,0.000384468,,,
356,0.000384468,,,
363,0.000384468,,,
371,0.000384468,,,
377,0.000384468,,,
378,0.000384468,,,
406,0.000384468,,,
411,0.000384468,,,
413,0.000384468,,,
416,0.000384468,,,
422,0.000384468,,,
435,0.000384468,,,
436,0.000384468,,,
440,0.000384468,,,
458,0.000384468,,,
460,0.000384468,,,
466,0.000384468,,,
476,0.000384468,,,
478,0.000384468,,,
490,0.000384468,,,
497,0.000384468,,,
500,0.000384468,,,
503,0.000384468,,,
504,0.000384468,,,
514,0.000384468,,,
516,0.000384468,,,
518,0.000384468,,,
530,0.000384468,,,
562,0.000384468,,,
566,0.000384468,,,
574,0.000384468,,,
577,0.000384468,,,
588,0.000384468,,,
591,0.000384468,,,
593,0.000384468,,,
601,0.000384468,,,
603,0.000384468,,,
604,0.000384468,,,
606,0.000384468,,,
617,0.000384468,,,
618,0.000384468,,,
635,0.000384468,,,
647,0.000384468,,,
649,0.000384468,,,
656,0.000384468,,,
657,0.000384468,,,
666,0.000384468,,,
687,0.000384468,,,
689,0.000384468,,,
696,0.000384468,,,
711,0.000384468,,,
713,0.000384468,,,
717,0.000384468,,,
728,0.000384468,,,
731,0.000384468,,,
738,0.000384468,,,
752,0.000384468,,,
755,0.000384468,,,
773,0.000384468,,,
775,0.000384468,,,
782,0.000384468,,,
792,0.000384468,,,
802,0.000384468,,,
808,0.000384468,,,
814,0.000384468,,,
820,0.000384468,,,
828,0.000384468,,,
839,0.000384468,,,
845,0.000384468,,,
846,0.000384468,,,
851,0.000384468,,,
854,0.000384468,,,
857,0.000384468,,,
864,0.000384468,,,
865,0.000384468,,,
872,0.000384468,,,
873,0.000384468,,,
875,0.000384468,,,
882,0.000384468,,,
883,0.000384468,,,
889,0.000384468,,,
896,0.000384468,,,
897,0.000384468,,,
899,0.000384468,,,
902,0.000384468,,,
907,0.000384468,,,
909,0.000384468,,,
929,0.000384468,,,
938,0.000384468,,,
956,0.000384468,,,
966,0.000384468,,,
969,0.000384468,,,
973,0.000384468,,,
974,0.000384468,,,
980,0.000384468,,,
988,0.000384468,,,
1003,0.000384468,,,
1004,0.000384468,,,
1016,0.000384468,,,
1023,0.000384468,,,
1026,0.000384468,,,
1029,0.000384468,,,
1062,0.000384468,,,
1070,0.000384468,,,
1071,0.000384468,,,
1075,0.000384468,,,
1080,0.000384468,,,
1081,0.000384468,,,
1090,0.000384468,,,
1098,0.000384468,,,
1103,0.000384468,,,
1106,0.000384468,,,
1111,0.000384468,,,
1112,0.000384468,,,
1117,0.000384468,,,
1128,0.000384468,,,
1137,0.000384468,,,
1152,0.000384468,,,
1157,0.000384468,,,
1158,0.000384468,,,
1165,0.000384468,,,
1167,0.000384468,,,
1182,0.000384468,,,
1193,0.000384468,,,
1205,0.000384468,,,
1210,0.000384468,,,
1213,0.000384468,,,
1216,0.000384468,,,
1219,0.000384468,,,
1221,0.000384468,,,
1232,0.000384468,,,
1234,0.000384468,,,
1240,0.000384468,,,
1261,0.000384468,,,
1268,0.000384468,,,
1273,0.000384468,,,
1286,0.000384468,,,
1288,0.000384468,,,
1289,0.000384468,,,
1290,0.000384468,,,
1296,0.000384468,,,
1297,0.000384468,,,
1300,0.000384468,,,
1311,0.000384468,,,
1313,0.000384468,,,
1326,0.000384468,,,
1337,0.000384468,,,
1339,0.000384468,,,
1340,0.000384468,,,
1345,0.000384468,,,
1348,0.000384468,,,
1366,0.000384468,,,
1375,0.000384468,,,
1382,0.000384468,,,
1396,0.000384468,,,
1400,0.000384468,,,
1415,0.000384468,,,
1422,0.000384468,,,
1432,0.000384468,,,
1434,0.000384468,,,
1436,0.000384468,,,
1437,0.000384468,,,
1447,0.000384468,,,
1449,0.000384468,,,
1452,0.000384468,,,
1456,0.000384468,,,
1460,0.000384468,,,
1468,0.000384468,,,
1471,0.000384468,,,
1485,0.000384468,,,
1494,0.000384468,,,
1497,0.000384468,,,
1507,0.000384468,,,
1508,0.000384468,,,
1519,0.000384468,,,
1543,0.000384468,,,
1548,0.000384468,,,
1565,0.000384468,,,
1590,0.000384468,,,
1595,0.000384468,,,
1599,0.000384468,,,
1606,0.000384468,,,
1614,0.000384468,,,
1628,0.000384468,,,
1629,0.000384468,,,
1630,0.000384468,,,
1631,0.000384468,,,
1639,0.000384468,,,
1668,0.000384468,,,
1683,0.000384468,,,
1694,0.000384468,,,
1712,0.000384468,,,
1722,0.000384468,,,
1737,0.000384468,,,
1740,0.000384468,,,
1753,0.000384468,,,
1756,0.000384468,,,
1757,0.000384468,,,
1759,0.000384468,,,
1762,0.000384468,,,
1763,0.000384468,,,
1780,0.000384468,,,
1785,0.000384468,,,
1798,0.000384468,,,
1801,0.000384468,,,
1802,0.000384468,,,
1804,0.000384468,,,
1806,0.000384468,,,
1811,0.000384468,,,
1847,0.000384468,,,
1856,0.000384468,,,
1868,0.000384468,,,
1872,0.000384468,,,
1884,0.000384468,,,
1892,0.000384468,,,
1895,0.000384468,,,
1905,0.000384468,,,
1909,0.000384468,,,
1926,0.000384468,,,
1944,0.000384468,,,
1956,0.000384468,,,
1964,0.000384468,,,
1965,0.000384468,,,
1969,0.000384468,,,
1971,0.000384468,,,
1972,0.000384468,,,
1987,0.000384468,,,
1988,0.000384468,,,
1989,0.000384468,,,
1996,0.000384468,,,
2002,0.000384468,,,
2007,0.000384468,,,
2020,0.000384468,,,
2022,0.000384468,,,
2045,0.000384468,,,
2047,0.000384468,,,
2049,0.000384468,,,
2057,0.000384468,,,
2061,0.000384468,,,
2062,0.000384468,,,
2064,0.000384468,,,
2069,0.000384468,,,
2071,0.000384468,,,
2085,0.000384468,,,
2087,0.000384468,,,
2091,0.000384468,,,
2092,0.000384468,,,
2098,0.000384468,,,
2110,0.000384468,,,
2136,0.000384468,,,
2142,0.000384468,,,
2161,0.000384468,,,
2162,0.000384468,,,
2164,0.000384468,,,
2168,0.000384468,,,
2174,0.000384468,,,
14,0.000192252,,,
164,0.000192252,,,
269,0.000192252,,,
316,0.000192252,,,
384,0.000192252,,,
481,0.000192252,,,
643,0.000192252,,,
650,0.000192252,,,
1169,0.000192252,,,
1318,0.000192252,,,
1730,0.000192252,,,
48,1.11E-16,,,
127,1.11E-16,,,
149,1.11E-16,,,
154,1.11E-16,,,
158,1.11E-16,,,
184,1.11E-16,,,
186,1.11E-16,,,
202,1.11E-16,,,
226,1.11E-16,,,
235,1.11E-16,,,
243,1.11E-16,,,
382,1.11E-16,,,
434,1.11E-16,,,
450,1.11E-16,,,
492,1.11E-16,,,
546,1.11E-16,,,
548,1.11E-16,,,
595,1.11E-16,,,
659,1.11E-16,,,
704,1.11E-16,,,
760,1.11E-16,,,
861,1.11E-16,,,
940,1.11E-16,,,
960,1.11E-16,,,
962,1.11E-16,,,
1014,1.11E-16,,,
1043,1.11E-16,,,
1130,1.11E-16,,,
1136,1.11E-16,,,
1183,1.11E-16,,,
1191,1.11E-16,,,
1230,1.11E-16,,,
1231,1.11E-16,,,
1260,1.11E-16,,,
1308,1.11E-16,,,
1383,1.11E-16,,,
1407,1.11E-16,,,
1470,1.11E-16,,,
1571,1.11E-16,,,
1621,1.11E-16,,,
1641,1.11E-16,,,
1673,1.11E-16,,,
1701,1.11E-16,,,
1705,1.11E-16,,,
1710,1.11E-16,,,
1746,1.11E-16,,,
1760,1.11E-16,,,
1776,1.11E-16,,,
1809,1.11E-16,,,
1859,1.11E-16,,,
1911,1.11E-16,,,
1997,1.11E-16,,,
2150,1.11E-16,,,
2163,1.11E-16,,,
9,0,,,
29,0,,,
33,0,,,
42,0,,,
58,0,,,
98,0,,,
102,0,,,
119,0,,,
131,0,,,
133,0,,,
147,0,,,
166,0,,,
170,0,,,
187,0,,,
190,0,,,
199,0,,,
212,0,,,
222,0,,,
227,0,,,
228,0,,,
230,0,,,
237,0,,,
261,0,,,
267,0,,,
270,0,,,
274,0,,,
276,0,,,
295,0,,,
300,0,,,
301,0,,,
304,0,,,
312,0,,,
346,0,,,
347,0,,,
364,0,,,
389,0,,,
395,0,,,
412,0,,,
418,0,,,
442,0,,,
464,0,,,
494,0,,,
542,0,,,
605,0,,,
620,0,,,
626,0,,,
627,0,,,
658,0,,,
673,0,,,
679,0,,,
682,0,,,
691,0,,,
698,0,,,
739,0,,,
744,0,,,
757,0,,,
764,0,,,
812,0,,,
818,0,,,
842,0,,,
847,0,,,
860,0,,,
880,0,,,
891,0,,,
903,0,,,
905,0,,,
912,0,,,
926,0,,,
935,0,,,
937,0,,,
952,0,,,
961,0,,,
970,0,,,
975,0,,,
978,0,,,
984,0,,,
1006,0,,,
1015,0,,,
1047,0,,,
1052,0,,,
1053,0,,,
1061,0,,,
1110,0,,,
1143,0,,,
1148,0,,,
1172,0,,,
1185,0,,,
1195,0,,,
1207,0,,,
1226,0,,,
1237,0,,,
1241,0,,,
1254,0,,,
1257,0,,,
1262,0,,,
1263,0,,,
1292,0,,,
1299,0,,,
1305,0,,,
1317,0,,,
1411,0,,,
1427,0,,,
1446,0,,,
1448,0,,,
1484,0,,,
1504,0,,,
1506,0,,,
1525,0,,,
1530,0,,,
1551,0,,,
1566,0,,,
1579,0,,,
1581,0,,,
1584,0,,,
1600,0,,,
1613,0,,,
1616,0,,,
1622,0,,,
1642,0,,,
1672,0,,,
1677,0,,,
1692,0,,,
1704,0,,,
1708,0,,,
1714,0,,,
1718,0,,,
1719,0,,,
1748,0,,,
1751,0,,,
1787,0,,,
1803,0,,,
1874,0,,,
1877,0,,,
1901,0,,,
1907,0,,,
1942,0,,,
1980,0,,,
1985,0,,,
1993,0,,,
2025,0,,,
2033,0,,,
2059,0,,,
2084,0,,,
2099,0,,,
2102,0,,,
2109,0,,,
2111,0,,,
2118,0,,,
2121,0,,,
2149,0,,,
2152,0,,,
2173,0,,,
2175,0,,,
