video_id,cosine_distance
24,1
54,1
56,1
62,1
67,1
108,1
128,1
132,1
153,1
155,1
179,1
189,1
194,1
209,1
232,1
238,1
239,1
262,1
266,1
269,1
278,1
290,1
326,1
330,1
338,1
343,1
358,1
360,1
362,1
368,1
387,1
390,1
412,1
417,1
420,1
434,1
441,1
474,1
487,1
513,1
522,1
547,1
565,1
581,1
608,1
613,1
632,1
638,1
644,1
646,1
695,1
699,1
721,1
728,1
734,1
745,1
759,1
765,1
823,1
824,1
831,1
917,1
925,1
926,1
933,1
979,1
1004,1
1010,1
1064,1
1065,1
1091,1
1094,1
1114,1
1134,1
1140,1
1147,1
1155,1
1173,1
1183,1
1197,1
1217,1
1222,1
1274,1
1276,1
1304,1
1329,1
1342,1
1351,1
1369,1
1371,1
1389,1
1403,1
1406,1
1414,1
1418,1
1442,1
1480,1
1511,1
1520,1
1538,1
1549,1
1557,1
1563,1
1575,1
1643,1
1650,1
1659,1
1682,1
1703,1
1724,1
1726,1
1736,1
1739,1
1741,1
1792,1
1845,1
1873,1
1881,1
1897,1
1923,1
1940,1
1943,1
1953,1
1954,1
1979,1
1981,1
1990,1
2011,1
2054,1
2068,1
2073,1
2094,1
2120,1
2126,1
2130,1
2147,1
2165,1
2169,1
2177,1
41,0.999615532
59,0.999615532
66,0.999615532
95,0.999615532
311,0.999615532
388,0.999615532
396,0.999615532
424,0.999615532
479,0.999615532
483,0.999615532
505,0.999615532
614,0.999615532
951,0.999615532
958,0.999615532
990,0.999615532
1100,0.999615532
1201,0.999615532
1202,0.999615532
1204,0.999615532
1259,0.999615532
1562,0.999615532
1706,0.999615532
1898,0.999615532
1912,0.999615532
2066,0.999615532
2067,0.999615532
2142,0.999615532
2151,0.999615532
31,0.996155325
75,0.996155325
85,0.996155325
86,0.996155325
214,0.996155325
223,0.996155325
294,0.996155325
313,0.996155325
367,0.996155325
431,0.996155325
437,0.996155325
445,0.996155325
453,0.996155325
524,0.996155325
533,0.996155325
544,0.996155325
552,0.996155325
579,0.996155325
616,0.996155325
624,0.996155325
724,0.996155325
736,0.996155325
763,0.996155325
776,0.996155325
817,0.996155325
852,0.996155325
879,0.996155325
945,0.996155325
1017,0.996155325
1040,0.996155325
1109,0.996155325
1124,0.996155325
1137,0.996155325
1138,0.996155325
1150,0.996155325
1225,0.996155325
1343,0.996155325
1391,0.996155325
1395,0.996155325
1430,0.996155325
1440,0.996155325
1453,0.996155325
1553,0.996155325
1648,0.996155325
1686,0.996155325
1690,0.996155325
1919,0.996155325
1922,0.996155325
1960,0.996155325
2069,0.996155325
2104,0.996155325
2184,0.996155325
156,0.99231065
651,0.99231065
685,0.99231065
771,0.99231065
1627,0.99231065
1858,0.99231065
1901,0.99231065
2029,0.99231065
2100,0.99231065
99,0.980776624
200,0.980776624
203,0.980776624
224,0.980776624
308,0.980776624
323,0.980776624
419,0.980776624
456,0.980776624
477,0.980776624
517,0.980776624
578,0.980776624
592,0.980776624
653,0.980776624
681,0.980776624
700,0.980776624
746,0.980776624
762,0.980776624
772,0.980776624
777,0.980776624
783,0.980776624
796,0.980776624
810,0.980776624
821,0.980776624
827,0.980776624
856,0.980776624
882,0.980776624
908,0.980776624
1034,0.980776624
1036,0.980776624
1054,0.980776624
1090,0.980776624
1115,0.980776624
1122,0.980776624
1159,0.980776624
1176,0.980776624
1190,0.980776624
1227,0.980776624
1229,0.980776624
1265,0.980776624
1291,0.980776624
1310,0.980776624
1320,0.980776624
1364,0.980776624
1433,0.980776624
1459,0.980776624
1486,0.980776624
1564,0.980776624
1635,0.980776624
1669,0.980776624
1670,0.980776624
1719,0.980776624
1722,0.980776624
1752,0.980776624
1777,0.980776624
1793,0.980776624
1796,0.980776624
1805,0.980776624
1811,0.980776624
1890,0.980776624
1896,0.980776624
1910,0.980776624
1914,0.980776624
2001,0.980776624
2009,0.980776624
2033,0.980776624
2083,0.980776624
2090,0.980776624
2119,0.980776624
2145,0.980776624
136,0.976931949
160,0.976931949
263,0.976931949
379,0.976931949
409,0.976931949
485,0.976931949
508,0.976931949
568,0.976931949
670,0.976931949
715,0.976931949
720,0.976931949
797,0.976931949
840,0.976931949
938,0.976931949
939,0.976931949
959,0.976931949
1033,0.976931949
1084,0.976931949
1098,0.976931949
1099,0.976931949
1357,0.976931949
1381,0.976931949
1402,0.976931949
1416,0.976931949
1428,0.976931949
1489,0.976931949
1502,0.976931949
1535,0.976931949
1544,0.976931949
1649,0.976931949
1775,0.976931949
1806,0.976931949
1813,0.976931949
1971,0.976931949
2023,0.976931949
2027,0.976931949
2148,0.976931949
4,0.961553249
6,0.961553249
25,0.961553249
30,0.961553249
38,0.961553249
40,0.961553249
159,0.961553249
163,0.961553249
250,0.961553249
257,0.961553249
370,0.961553249
404,0.961553249
457,0.961553249
498,0.961553249
518,0.961553249
534,0.961553249
536,0.961553249
628,0.961553249
668,0.961553249
713,0.961553249
719,0.961553249
747,0.961553249
885,0.961553249
893,0.961553249
1021,0.961553249
1087,0.961553249
1139,0.961553249
1161,0.961553249
1184,0.961553249
1215,0.961553249
1244,0.961553249
1344,0.961553249
1365,0.961553249
1444,0.961553249
1471,0.961553249
1475,0.961553249
1493,0.961553249
1500,0.961553249
1522,0.961553249
1541,0.961553249
1591,0.961553249
1618,0.961553249
1625,0.961553249
1671,0.961553249
1725,0.961553249
1743,0.961553249
1781,0.961553249
1786,0.961553249
1787,0.961553249
1830,0.961553249
1851,0.961553249
1862,0.961553249
1869,0.961553249
1933,0.961553249
1938,0.961553249
1939,0.961553249
1958,0.961553249
2004,0.961553249
2077,0.961553249
2157,0.961553249
43,0.961545856
7,0.961168781
664,0.961168781
717,0.961168781
751,0.961168781
1077,0.961168781
1465,0.961168781
1478,0.961168781
1573,0.961168781
1677,0.961168781
2102,0.961168781
2154,0.961168781
87,0.942329873
154,0.942329873
299,0.942329873
325,0.942329873
355,0.942329873
435,0.942329873
449,0.942329873
532,0.942329873
535,0.942329873
587,0.942329873
705,0.942329873
725,0.942329873
754,0.942329873
892,0.942329873
923,0.942329873
956,0.942329873
965,0.942329873
977,0.942329873
1005,0.942329873
1049,0.942329873
1092,0.942329873
1126,0.942329873
1178,0.942329873
1191,0.942329873
1325,0.942329873
1328,0.942329873
1362,0.942329873
1374,0.942329873
1408,0.942329873
1413,0.942329873
1469,0.942329873
1521,0.942329873
1554,0.942329873
1585,0.942329873
1593,0.942329873
1620,0.942329873
1742,0.942329873
1755,0.942329873
1788,0.942329873
1794,0.942329873
1876,0.942329873
2045,0.942329873
2114,0.942329873
2183,0.942329873
26,0.923106498
296,0.923106498
372,0.923106498
931,0.923106498
1287,0.923106498
1350,0.923106498
1729,0.923106498
1986,0.923106498
2082,0.923106498
2117,0.923106498
2162,0.923106498
47,0.807766244
76,0.807766244
82,0.807766244
83,0.807766244
91,0.807766244
121,0.807766244
129,0.807766244
157,0.807766244
166,0.807766244
177,0.807766244
181,0.807766244
218,0.807766244
226,0.807766244
233,0.807766244
243,0.807766244
246,0.807766244
252,0.807766244
275,0.807766244
283,0.807766244
293,0.807766244
307,0.807766244
317,0.807766244
321,0.807766244
344,0.807766244
351,0.807766244
391,0.807766244
398,0.807766244
405,0.807766244
425,0.807766244
432,0.807766244
443,0.807766244
461,0.807766244
466,0.807766244
470,0.807766244
472,0.807766244
480,0.807766244
501,0.807766244
512,0.807766244
528,0.807766244
541,0.807766244
545,0.807766244
586,0.807766244
607,0.807766244
654,0.807766244
677,0.807766244
690,0.807766244
692,0.807766244
726,0.807766244
744,0.807766244
750,0.807766244
767,0.807766244
774,0.807766244
782,0.807766244
784,0.807766244
878,0.807766244
894,0.807766244
947,0.807766244
949,0.807766244
950,0.807766244
1007,0.807766244
1019,0.807766244
1066,0.807766244
1093,0.807766244
1107,0.807766244
1108,0.807766244
1116,0.807766244
1151,0.807766244
1160,0.807766244
1182,0.807766244
1187,0.807766244
1223,0.807766244
1230,0.807766244
1235,0.807766244
1251,0.807766244
1258,0.807766244
1262,0.807766244
1319,0.807766244
1322,0.807766244
1340,0.807766244
1352,0.807766244
1359,0.807766244
1367,0.807766244
1376,0.807766244
1379,0.807766244
1412,0.807766244
1417,0.807766244
1466,0.807766244
1550,0.807766244
1566,0.807766244
1661,0.807766244
1665,0.807766244
1679,0.807766244
1681,0.807766244
1697,0.807766244
1699,0.807766244
1707,0.807766244
1723,0.807766244
1744,0.807766244
1790,0.807766244
1795,0.807766244
1817,0.807766244
1819,0.807766244
1831,0.807766244
1839,0.807766244
1850,0.807766244
1866,0.807766244
1883,0.807766244
1893,0.807766244
1929,0.807766244
1945,0.807766244
1946,0.807766244
1950,0.807766244
1992,0.807766244
2005,0.807766244
2014,0.807766244
2040,0.807766244
2047,0.807766244
2048,0.807766244
2052,0.807766244
2098,0.807766244
2108,0.807766244
2125,0.807766244
2156,0.807766244
2179,0.807766244
2185,0.807766244
5,0.807381776
21,0.807381776
27,0.807381776
50,0.807381776
98,0.807381776
114,0.807381776
124,0.807381776
172,0.807381776
240,0.807381776
253,0.807381776
306,0.807381776
318,0.807381776
350,0.807381776
364,0.807381776
382,0.807381776
414,0.807381776
537,0.807381776
543,0.807381776
583,0.807381776
667,0.807381776
869,0.807381776
912,0.807381776
937,0.807381776
981,0.807381776
982,0.807381776
1110,0.807381776
1136,0.807381776
1209,0.807381776
1211,0.807381776
1457,0.807381776
1467,0.807381776
1509,0.807381776
1523,0.807381776
1524,0.807381776
1560,0.807381776
1623,0.807381776
1652,0.807381776
1734,0.807381776
1784,0.807381776
1798,0.807381776
1823,0.807381776
1867,0.807381776
1871,0.807381776
1878,0.807381776
1889,0.807381776
1961,0.807381776
1970,0.807381776
2035,0.807381776
2062,0.807381776
2115,0.807381776
2155,0.807381776
2158,0.807381776
158,0.803921569
182,0.803921569
206,0.803921569
215,0.803921569
220,0.803921569
295,0.803921569
331,0.803921569
352,0.803921569
427,0.803921569
491,0.803921569
554,0.803921569
601,0.803921569
631,0.803921569
649,0.803921569
650,0.803921569
659,0.803921569
660,0.803921569
675,0.803921569
694,0.803921569
761,0.803921569
792,0.803921569
802,0.803921569
819,0.803921569
845,0.803921569
847,0.803921569
866,0.803921569
943,0.803921569
972,0.803921569
983,0.803921569
1063,0.803921569
1097,0.803921569
1152,0.803921569
1170,0.803921569
1175,0.803921569
1220,0.803921569
1254,0.803921569
1302,0.803921569
1315,0.803921569
1358,0.803921569
1464,0.803921569
1510,0.803921569
1536,0.803921569
1595,0.803921569
1614,0.803921569
1619,0.803921569
1713,0.803921569
1816,0.803921569
1825,0.803921569
1884,0.803921569
1904,0.803921569
1948,0.803921569
1982,0.803921569
2036,0.803921569
2044,0.803921569
2049,0.803921569
2076,0.803921569
2087,0.803921569
19,0.788542868
70,0.788542868
125,0.788542868
135,0.788542868
221,0.788542868
236,0.788542868
297,0.788542868
300,0.788542868
383,0.788542868
389,0.788542868
407,0.788542868
408,0.788542868
468,0.788542868
499,0.788542868
515,0.788542868
559,0.788542868
589,0.788542868
593,0.788542868
626,0.788542868
627,0.788542868
641,0.788542868
643,0.788542868
669,0.788542868
708,0.788542868
730,0.788542868
769,0.788542868
793,0.788542868
868,0.788542868
884,0.788542868
891,0.788542868
942,0.788542868
944,0.788542868
987,0.788542868
991,0.788542868
992,0.788542868
995,0.788542868
1018,0.788542868
1057,0.788542868
1072,0.788542868
1103,0.788542868
1158,0.788542868
1224,0.788542868
1253,0.788542868
1271,0.788542868
1277,0.788542868
1279,0.788542868
1292,0.788542868
1311,0.788542868
1324,0.788542868
1405,0.788542868
1487,0.788542868
1501,0.788542868
1505,0.788542868
1519,0.788542868
1529,0.788542868
1534,0.788542868
1569,0.788542868
1577,0.788542868
1730,0.788542868
1771,0.788542868
1812,0.788542868
1840,0.788542868
1842,0.788542868
1846,0.788542868
1857,0.788542868
1861,0.788542868
1864,0.788542868
1888,0.788542868
1900,0.788542868
1920,0.788542868
1976,0.788542868
1987,0.788542868
2037,0.788542868
2097,0.788542868
2134,0.788542868
2140,0.788542868
13,0.784698193
37,0.784698193
142,0.784698193
147,0.784698193
225,0.784698193
310,0.784698193
348,0.784698193
374,0.784698193
454,0.784698193
478,0.784698193
482,0.784698193
484,0.784698193
492,0.784698193
530,0.784698193
540,0.784698193
570,0.784698193
580,0.784698193
594,0.784698193
609,0.784698193
612,0.784698193
629,0.784698193
645,0.784698193
674,0.784698193
686,0.784698193
722,0.784698193
753,0.784698193
872,0.784698193
904,0.784698193
921,0.784698193
961,0.784698193
985,0.784698193
1011,0.784698193
1121,0.784698193
1256,0.784698193
1269,0.784698193
1298,0.784698193
1321,0.784698193
1372,0.784698193
1415,0.784698193
1494,0.784698193
1497,0.784698193
1516,0.784698193
1545,0.784698193
1601,0.784698193
1612,0.784698193
1615,0.784698193
1666,0.784698193
1732,0.784698193
1764,0.784698193
1844,0.784698193
2000,0.784698193
2008,0.784698193
2079,0.784698193
2123,0.784698193
44,0.615532488
45,0.615532488
63,0.615532488
96,0.615532488
123,0.615532488
168,0.615532488
176,0.615532488
199,0.615532488
204,0.615532488
244,0.615532488
298,0.615532488
316,0.615532488
332,0.615532488
354,0.615532488
361,0.615532488
380,0.615532488
401,0.615532488
411,0.615532488
415,0.615532488
465,0.615532488
469,0.615532488
494,0.615532488
502,0.615532488
503,0.615532488
531,0.615532488
539,0.615532488
564,0.615532488
567,0.615532488
615,0.615532488
619,0.615532488
637,0.615532488
642,0.615532488
647,0.615532488
663,0.615532488
710,0.615532488
727,0.615532488
735,0.615532488
748,0.615532488
789,0.615532488
807,0.615532488
833,0.615532488
861,0.615532488
897,0.615532488
901,0.615532488
914,0.615532488
915,0.615532488
934,0.615532488
971,0.615532488
1024,0.615532488
1027,0.615532488
1067,0.615532488
1089,0.615532488
1104,0.615532488
1117,0.615532488
1154,0.615532488
1157,0.615532488
1166,0.615532488
1206,0.615532488
1216,0.615532488
1219,0.615532488
1232,0.615532488
1236,0.615532488
1241,0.615532488
1246,0.615532488
1250,0.615532488
1268,0.615532488
1290,0.615532488
1294,0.615532488
1299,0.615532488
1333,0.615532488
1339,0.615532488
1355,0.615532488
1360,0.615532488
1392,0.615532488
1398,0.615532488
1451,0.615532488
1488,0.615532488
1567,0.615532488
1576,0.615532488
1580,0.615532488
1630,0.615532488
1644,0.615532488
1683,0.615532488
1733,0.615532488
1754,0.615532488
1757,0.615532488
1769,0.615532488
1772,0.615532488
1773,0.615532488
1797,0.615532488
1799,0.615532488
1828,0.615532488
1902,0.615532488
1905,0.615532488
1907,0.615532488
1908,0.615532488
1918,0.615532488
1959,0.615532488
1988,0.615532488
1996,0.615532488
2003,0.615532488
2022,0.615532488
2041,0.615532488
2057,0.615532488
2064,0.615532488
2088,0.615532488
2106,0.615532488
2168,0.615532488
8,0.61514802
12,0.61514802
33,0.61514802
77,0.61514802
84,0.61514802
94,0.61514802
133,0.61514802
139,0.61514802
143,0.61514802
148,0.61514802
256,0.61514802
264,0.61514802
303,0.61514802
339,0.61514802
384,0.61514802
385,0.61514802
397,0.61514802
428,0.61514802
433,0.61514802
489,0.61514802
493,0.61514802
561,0.61514802
588,0.61514802
590,0.61514802
658,0.61514802
679,0.61514802
688,0.61514802
693,0.61514802
704,0.61514802
731,0.61514802
756,0.61514802
764,0.61514802
799,0.61514802
808,0.61514802
846,0.61514802
858,0.61514802
860,0.61514802
871,0.61514802
919,0.61514802
941,0.61514802
957,0.61514802
974,0.61514802
1001,0.61514802
1003,0.61514802
1025,0.61514802
1048,0.61514802
1058,0.61514802
1071,0.61514802
1083,0.61514802
1112,0.61514802
1130,0.61514802
1143,0.61514802
1146,0.61514802
1156,0.61514802
1169,0.61514802
1186,0.61514802
1245,0.61514802
1272,0.61514802
1330,0.61514802
1363,0.61514802
1380,0.61514802
1390,0.61514802
1397,0.61514802
1579,0.61514802
1592,0.61514802
1636,0.61514802
1637,0.61514802
1638,0.61514802
1731,0.61514802
1749,0.61514802
1770,0.61514802
1824,0.61514802
1843,0.61514802
1854,0.61514802
1879,0.61514802
1880,0.61514802
1887,0.61514802
1926,0.61514802
1985,0.61514802
2007,0.61514802
2060,0.61514802
2063,0.61514802
2138,0.61514802
11,0.038831219
22,0.038831219
28,0.038831219
53,0.038831219
60,0.038831219
71,0.038831219
72,0.038831219
74,0.038831219
79,0.038831219
93,0.038831219
117,0.038831219
118,0.038831219
122,0.038831219
150,0.038831219
151,0.038831219
173,0.038831219
210,0.038831219
211,0.038831219
227,0.038831219
230,0.038831219
237,0.038831219
251,0.038831219
254,0.038831219
268,0.038831219
279,0.038831219
301,0.038831219
335,0.038831219
336,0.038831219
381,0.038831219
393,0.038831219
394,0.038831219
400,0.038831219
446,0.038831219
451,0.038831219
471,0.038831219
475,0.038831219
476,0.038831219
481,0.038831219
495,0.038831219
506,0.038831219
507,0.038831219
509,0.038831219
523,0.038831219
548,0.038831219
549,0.038831219
597,0.038831219
610,0.038831219
617,0.038831219
656,0.038831219
657,0.038831219
662,0.038831219
665,0.038831219
687,0.038831219
701,0.038831219
711,0.038831219
714,0.038831219
740,0.038831219
755,0.038831219
778,0.038831219
779,0.038831219
794,0.038831219
801,0.038831219
804,0.038831219
806,0.038831219
809,0.038831219
812,0.038831219
814,0.038831219
816,0.038831219
820,0.038831219
843,0.038831219
854,0.038831219
865,0.038831219
874,0.038831219
877,0.038831219
886,0.038831219
887,0.038831219
916,0.038831219
928,0.038831219
948,0.038831219
953,0.038831219
955,0.038831219
962,0.038831219
993,0.038831219
1000,0.038831219
1029,0.038831219
1035,0.038831219
1055,0.038831219
1056,0.038831219
1068,0.038831219
1082,0.038831219
1096,0.038831219
1129,0.038831219
1135,0.038831219
1141,0.038831219
1148,0.038831219
1177,0.038831219
1196,0.038831219
1199,0.038831219
1203,0.038831219
1210,0.038831219
1237,0.038831219
1240,0.038831219
1260,0.038831219
1282,0.038831219
1283,0.038831219
1284,0.038831219
1295,0.038831219
1316,0.038831219
1356,0.038831219
1361,0.038831219
1373,0.038831219
1388,0.038831219
1404,0.038831219
1420,0.038831219
1429,0.038831219
1432,0.038831219
1454,0.038831219
1458,0.038831219
1473,0.038831219
1477,0.038831219
1503,0.038831219
1513,0.038831219
1515,0.038831219
1527,0.038831219
1547,0.038831219
1552,0.038831219
1590,0.038831219
1598,0.038831219
1600,0.038831219
1602,0.038831219
1603,0.038831219
1607,0.038831219
1609,0.038831219
1611,0.038831219
1621,0.038831219
1624,0.038831219
1641,0.038831219
1646,0.038831219
1664,0.038831219
1674,0.038831219
1700,0.038831219
1701,0.038831219
1709,0.038831219
1718,0.038831219
1738,0.038831219
1747,0.038831219
1758,0.038831219
1760,0.038831219
1762,0.038831219
1765,0.038831219
1768,0.038831219
1774,0.038831219
1782,0.038831219
1804,0.038831219
1815,0.038831219
1818,0.038831219
1820,0.038831219
1848,0.038831219
1872,0.038831219
1877,0.038831219
1882,0.038831219
1892,0.038831219
1899,0.038831219
1928,0.038831219
1941,0.038831219
1947,0.038831219
1949,0.038831219
1963,0.038831219
2006,0.038831219
2042,0.038831219
2050,0.038831219
2075,0.038831219
2084,0.038831219
2096,0.038831219
2103,0.038831219
2109,0.038831219
2122,0.038831219
2127,0.038831219
2128,0.038831219
2146,0.038831219
2152,0.038831219
2161,0.038831219
2164,0.038831219
2171,0.038831219
32,0.038446751
34,0.038446751
42,0.038446751
73,0.038446751
111,0.038446751
144,0.038446751
145,0.038446751
175,0.038446751
190,0.038446751
191,0.038446751
217,0.038446751
249,0.038446751
259,0.038446751
265,0.038446751
282,0.038446751
288,0.038446751
341,0.038446751
346,0.038446751
356,0.038446751
371,0.038446751
377,0.038446751
403,0.038446751
426,0.038446751
462,0.038446751
542,0.038446751
555,0.038446751
558,0.038446751
584,0.038446751
585,0.038446751
621,0.038446751
634,0.038446751
671,0.038446751
742,0.038446751
791,0.038446751
800,0.038446751
837,0.038446751
842,0.038446751
890,0.038446751
911,0.038446751
920,0.038446751
927,0.038446751
930,0.038446751
940,0.038446751
973,0.038446751
1014,0.038446751
1045,0.038446751
1047,0.038446751
1059,0.038446751
1060,0.038446751
1070,0.038446751
1073,0.038446751
1168,0.038446751
1296,0.038446751
1335,0.038446751
1341,0.038446751
1378,0.038446751
1443,0.038446751
1525,0.038446751
1542,0.038446751
1581,0.038446751
1657,0.038446751
1673,0.038446751
1717,0.038446751
1779,0.038446751
1821,0.038446751
1863,0.038446751
1865,0.038446751
1924,0.038446751
1944,0.038446751
1962,0.038446751
1991,0.038446751
2091,0.038446751
2093,0.038446751
2101,0.038446751
2107,0.038446751
2113,0.038446751
1,0.034986544
2,0.034986544
9,0.034986544
49,0.034986544
88,0.034986544
131,0.034986544
134,0.034986544
167,0.034986544
169,0.034986544
186,0.034986544
192,0.034986544
196,0.034986544
207,0.034986544
216,0.034986544
219,0.034986544
228,0.034986544
234,0.034986544
241,0.034986544
245,0.034986544
248,0.034986544
261,0.034986544
285,0.034986544
305,0.034986544
327,0.034986544
329,0.034986544
334,0.034986544
342,0.034986544
347,0.034986544
363,0.034986544
365,0.034986544
369,0.034986544
378,0.034986544
395,0.034986544
402,0.034986544
410,0.034986544
439,0.034986544
442,0.034986544
447,0.034986544
455,0.034986544
460,0.034986544
488,0.034986544
520,0.034986544
527,0.034986544
550,0.034986544
551,0.034986544
563,0.034986544
573,0.034986544
582,0.034986544
595,0.034986544
625,0.034986544
635,0.034986544
672,0.034986544
680,0.034986544
684,0.034986544
712,0.034986544
723,0.034986544
729,0.034986544
739,0.034986544
741,0.034986544
752,0.034986544
758,0.034986544
766,0.034986544
768,0.034986544
773,0.034986544
787,0.034986544
795,0.034986544
813,0.034986544
815,0.034986544
828,0.034986544
832,0.034986544
834,0.034986544
844,0.034986544
851,0.034986544
855,0.034986544
870,0.034986544
873,0.034986544
881,0.034986544
896,0.034986544
900,0.034986544
902,0.034986544
910,0.034986544
922,0.034986544
929,0.034986544
932,0.034986544
978,0.034986544
1023,0.034986544
1026,0.034986544
1043,0.034986544
1050,0.034986544
1052,0.034986544
1062,0.034986544
1076,0.034986544
1078,0.034986544
1081,0.034986544
1085,0.034986544
1125,0.034986544
1149,0.034986544
1162,0.034986544
1163,0.034986544
1171,0.034986544
1180,0.034986544
1185,0.034986544
1193,0.034986544
1221,0.034986544
1243,0.034986544
1249,0.034986544
1255,0.034986544
1263,0.034986544
1267,0.034986544
1270,0.034986544
1308,0.034986544
1313,0.034986544
1318,0.034986544
1332,0.034986544
1346,0.034986544
1366,0.034986544
1382,0.034986544
1384,0.034986544
1393,0.034986544
1400,0.034986544
1409,0.034986544
1410,0.034986544
1411,0.034986544
1421,0.034986544
1424,0.034986544
1425,0.034986544
1436,0.034986544
1441,0.034986544
1447,0.034986544
1460,0.034986544
1461,0.034986544
1474,0.034986544
1481,0.034986544
1492,0.034986544
1498,0.034986544
1499,0.034986544
1507,0.034986544
1508,0.034986544
1531,0.034986544
1537,0.034986544
1555,0.034986544
1556,0.034986544
1558,0.034986544
1559,0.034986544
1570,0.034986544
1578,0.034986544
1582,0.034986544
1587,0.034986544
1589,0.034986544
1594,0.034986544
1605,0.034986544
1606,0.034986544
1626,0.034986544
1632,0.034986544
1634,0.034986544
1642,0.034986544
1647,0.034986544
1653,0.034986544
1655,0.034986544
1676,0.034986544
1678,0.034986544
1687,0.034986544
1689,0.034986544
1693,0.034986544
1694,0.034986544
1695,0.034986544
1696,0.034986544
1702,0.034986544
1711,0.034986544
1715,0.034986544
1716,0.034986544
1720,0.034986544
1727,0.034986544
1745,0.034986544
1746,0.034986544
1750,0.034986544
1763,0.034986544
1767,0.034986544
1800,0.034986544
1808,0.034986544
1810,0.034986544
1814,0.034986544
1822,0.034986544
1833,0.034986544
1834,0.034986544
1837,0.034986544
1838,0.034986544
1870,0.034986544
1891,0.034986544
1895,0.034986544
1915,0.034986544
1930,0.034986544
1931,0.034986544
1932,0.034986544
1935,0.034986544
1937,0.034986544
1967,0.034986544
1989,0.034986544
1997,0.034986544
1999,0.034986544
2020,0.034986544
2021,0.034986544
2024,0.034986544
2026,0.034986544
2030,0.034986544
2038,0.034986544
2039,0.034986544
2043,0.034986544
2058,0.034986544
2061,0.034986544
2065,0.034986544
2072,0.034986544
2124,0.034986544
2129,0.034986544
2131,0.034986544
2132,0.034986544
2137,0.034986544
2141,0.034986544
2144,0.034986544
2149,0.034986544
2153,0.034986544
2159,0.034986544
2160,0.034986544
2172,0.034986544
48,0.031141869
61,0.031141869
100,0.031141869
126,0.031141869
141,0.031141869
188,0.031141869
247,0.031141869
281,0.031141869
284,0.031141869
286,0.031141869
353,0.031141869
413,0.031141869
430,0.031141869
450,0.031141869
459,0.031141869
529,0.031141869
556,0.031141869
572,0.031141869
648,0.031141869
682,0.031141869
696,0.031141869
698,0.031141869
718,0.031141869
733,0.031141869
781,0.031141869
803,0.031141869
839,0.031141869
841,0.031141869
880,0.031141869
1041,0.031141869
1102,0.031141869
1119,0.031141869
1128,0.031141869
1133,0.031141869
1153,0.031141869
1192,0.031141869
1231,0.031141869
1239,0.031141869
1327,0.031141869
1334,0.031141869
1354,0.031141869
1419,0.031141869
1462,0.031141869
1485,0.031141869
1514,0.031141869
1518,0.031141869
1540,0.031141869
1565,0.031141869
1572,0.031141869
1668,0.031141869
1705,0.031141869
1710,0.031141869
1852,0.031141869
1855,0.031141869
1874,0.031141869
1969,0.031141869
1995,0.031141869
2051,0.031141869
2080,0.031141869
2143,0.031141869
2175,0.031141869
2182,0.031141869
235,0.031141869
271,0.031141869
302,0.031141869
399,0.031141869
421,0.031141869
422,0.031141869
596,0.031141869
811,0.031141869
853,0.031141869
857,0.031141869
895,0.031141869
988,0.031141869
1479,0.031141869
1656,0.031141869
1663,0.031141869
1691,0.031141869
1791,0.031141869
1847,0.031141869
2121,0.031141869
2178,0.031141869
14,0.000384468
15,0.000384468
16,0.000384468
20,0.000384468
29,0.000384468
35,0.000384468
36,0.000384468
52,0.000384468
55,0.000384468
64,0.000384468
68,0.000384468
69,0.000384468
78,0.000384468
80,0.000384468
81,0.000384468
89,0.000384468
92,0.000384468
101,0.000384468
104,0.000384468
105,0.000384468
107,0.000384468
110,0.000384468
113,0.000384468
120,0.000384468
127,0.000384468
137,0.000384468
146,0.000384468
161,0.000384468
165,0.000384468
171,0.000384468
174,0.000384468
178,0.000384468
183,0.000384468
184,0.000384468
187,0.000384468
193,0.000384468
197,0.000384468
213,0.000384468
222,0.000384468
231,0.000384468
242,0.000384468
260,0.000384468
270,0.000384468
273,0.000384468
276,0.000384468
280,0.000384468
287,0.000384468
289,0.000384468
315,0.000384468
319,0.000384468
324,0.000384468
328,0.000384468
366,0.000384468
373,0.000384468
386,0.000384468
416,0.000384468
418,0.000384468
438,0.000384468
440,0.000384468
448,0.000384468
464,0.000384468
467,0.000384468
473,0.000384468
490,0.000384468
496,0.000384468
497,0.000384468
504,0.000384468
514,0.000384468
516,0.000384468
521,0.000384468
525,0.000384468
538,0.000384468
546,0.000384468
553,0.000384468
569,0.000384468
571,0.000384468
577,0.000384468
591,0.000384468
604,0.000384468
605,0.000384468
606,0.000384468
611,0.000384468
618,0.000384468
620,0.000384468
622,0.000384468
630,0.000384468
639,0.000384468
640,0.000384468
666,0.000384468
683,0.000384468
689,0.000384468
691,0.000384468
697,0.000384468
702,0.000384468
703,0.000384468
706,0.000384468
737,0.000384468
743,0.000384468
760,0.000384468
775,0.000384468
780,0.000384468
785,0.000384468
788,0.000384468
790,0.000384468
818,0.000384468
826,0.000384468
862,0.000384468
864,0.000384468
867,0.000384468
888,0.000384468
889,0.000384468
905,0.000384468
906,0.000384468
907,0.000384468
909,0.000384468
924,0.000384468
936,0.000384468
964,0.000384468
969,0.000384468
970,0.000384468
975,0.000384468
976,0.000384468
986,0.000384468
994,0.000384468
1002,0.000384468
1006,0.000384468
1013,0.000384468
1015,0.000384468
1016,0.000384468
1020,0.000384468
1022,0.000384468
1031,0.000384468
1037,0.000384468
1042,0.000384468
1044,0.000384468
1075,0.000384468
1079,0.000384468
1080,0.000384468
1086,0.000384468
1088,0.000384468
1106,0.000384468
1111,0.000384468
1113,0.000384468
1127,0.000384468
1131,0.000384468
1144,0.000384468
1145,0.000384468
1167,0.000384468
1188,0.000384468
1195,0.000384468
1198,0.000384468
1200,0.000384468
1207,0.000384468
1212,0.000384468
1213,0.000384468
1214,0.000384468
1233,0.000384468
1234,0.000384468
1238,0.000384468
1252,0.000384468
1261,0.000384468
1264,0.000384468
1273,0.000384468
1278,0.000384468
1280,0.000384468
1281,0.000384468
1285,0.000384468
1286,0.000384468
1288,0.000384468
1289,0.000384468
1301,0.000384468
1306,0.000384468
1312,0.000384468
1314,0.000384468
1323,0.000384468
1345,0.000384468
1347,0.000384468
1349,0.000384468
1353,0.000384468
1370,0.000384468
1375,0.000384468
1383,0.000384468
1387,0.000384468
1396,0.000384468
1401,0.000384468
1407,0.000384468
1423,0.000384468
1427,0.000384468
1435,0.000384468
1446,0.000384468
1448,0.000384468
1450,0.000384468
1452,0.000384468
1455,0.000384468
1456,0.000384468
1463,0.000384468
1468,0.000384468
1470,0.000384468
1484,0.000384468
1495,0.000384468
1496,0.000384468
1504,0.000384468
1512,0.000384468
1517,0.000384468
1528,0.000384468
1530,0.000384468
1532,0.000384468
1533,0.000384468
1546,0.000384468
1548,0.000384468
1551,0.000384468
1571,0.000384468
1574,0.000384468
1583,0.000384468
1584,0.000384468
1586,0.000384468
1588,0.000384468
1596,0.000384468
1597,0.000384468
1604,0.000384468
1616,0.000384468
1622,0.000384468
1628,0.000384468
1631,0.000384468
1633,0.000384468
1639,0.000384468
1651,0.000384468
1658,0.000384468
1662,0.000384468
1667,0.000384468
1672,0.000384468
1688,0.000384468
1698,0.000384468
1704,0.000384468
1712,0.000384468
1714,0.000384468
1735,0.000384468
1737,0.000384468
1748,0.000384468
1751,0.000384468
1753,0.000384468
1766,0.000384468
1776,0.000384468
1778,0.000384468
1783,0.000384468
1785,0.000384468
1789,0.000384468
1802,0.000384468
1807,0.000384468
1809,0.000384468
1826,0.000384468
1827,0.000384468
1829,0.000384468
1832,0.000384468
1835,0.000384468
1841,0.000384468
1859,0.000384468
1860,0.000384468
1868,0.000384468
1885,0.000384468
1906,0.000384468
1909,0.000384468
1916,0.000384468
1952,0.000384468
1955,0.000384468
1956,0.000384468
1966,0.000384468
1975,0.000384468
1978,0.000384468
1993,0.000384468
1994,0.000384468
1998,0.000384468
2002,0.000384468
2012,0.000384468
2013,0.000384468
2017,0.000384468
2018,0.000384468
2019,0.000384468
2025,0.000384468
2028,0.000384468
2031,0.000384468
2032,0.000384468
2059,0.000384468
2071,0.000384468
2078,0.000384468
2085,0.000384468
2086,0.000384468
2092,0.000384468
2095,0.000384468
2099,0.000384468
2105,0.000384468
2110,0.000384468
2111,0.000384468
2112,0.000384468
2116,0.000384468
2118,0.000384468
2135,0.000384468
2139,0.000384468
2173,0.000384468
2174,0.000384468
17,1.11E-16
46,1.11E-16
109,1.11E-16
149,1.11E-16
164,1.11E-16
185,1.11E-16
201,1.11E-16
205,1.11E-16
258,1.11E-16
349,1.11E-16
406,1.11E-16
486,1.11E-16
510,1.11E-16
566,1.11E-16
598,1.11E-16
603,1.11E-16
716,1.11E-16
738,1.11E-16
757,1.11E-16
786,1.11E-16
859,1.11E-16
952,1.11E-16
966,1.11E-16
1012,1.11E-16
1032,1.11E-16
1046,1.11E-16
1189,1.11E-16
1218,1.11E-16
1228,1.11E-16
1305,1.11E-16
1326,1.11E-16
1331,1.11E-16
1506,1.11E-16
1526,1.11E-16
1568,1.11E-16
1610,1.11E-16
1654,1.11E-16
1721,1.11E-16
1759,1.11E-16
1801,1.11E-16
1886,1.11E-16
1911,1.11E-16
23,0
39,0
58,0
65,0
90,0
97,0
102,0
103,0
106,0
115,0
119,0
152,0
170,0
180,0
195,0
198,0
202,0
208,0
212,0
229,0
255,0
267,0
272,0
274,0
291,0
292,0
304,0
312,0
314,0
322,0
333,0
340,0
345,0
357,0
375,0
392,0
429,0
436,0
452,0
458,0
463,0
500,0
519,0
557,0
560,0
562,0
574,0
575,0
576,0
600,0
602,0
623,0
636,0
652,0
673,0
676,0
678,0
770,0
805,0
822,0
825,0
830,0
835,0
838,0
848,0
875,0
883,0
898,0
899,0
903,0
913,0
918,0
935,0
946,0
960,0
963,0
968,0
980,0
984,0
996,0
998,0
1009,0
1030,0
1039,0
1053,0
1061,0
1095,0
1101,0
1105,0
1120,0
1123,0
1132,0
1142,0
1164,0
1165,0
1172,0
1174,0
1179,0
1181,0
1194,0
1205,0
1226,0
1242,0
1247,0
1257,0
1275,0
1297,0
1300,0
1303,0
1317,0
1336,0
1337,0
1348,0
1368,0
1386,0
1422,0
1426,0
1431,0
1434,0
1437,0
1439,0
1445,0
1449,0
1476,0
1482,0
1483,0
1543,0
1599,0
1608,0
1613,0
1629,0
1680,0
1692,0
1708,0
1740,0
1756,0
1761,0
1780,0
1803,0
1836,0
1856,0
1921,0
1936,0
1942,0
1957,0
1964,0
1965,0
1968,0
1972,0
1980,0
2010,0
2034,0
2046,0
2056,0
2070,0
2136,0
2150,0
2163,0
2166,0
2181,0
