emotion,approach,arousal,attention,certainty,commitment,control,dominance,effort,fairness,identity,obstruction,safety,upswing,valence
Admiration,-0.07029438449590208,-0.15213594631631427,-0.13188187620105413,-0.00088944346979268,-0.1450797450805673,0.08665969176558651,-0.4007323873143627,0.6257261900397422,0.09289375478240924,0.5009236033040827,-0.5346656884258444,-0.12264995183697434,0.3400095739718825,0.1324229056293132
Adoration,2.057207457169398,-0.8156910385365707,-0.6708958202522126,-0.509057618841523,-0.056750006312112945,0.3987466139707992,-1.0110585149061107,-1.178671086102996,0.18360808365761924,0.2785813939757892,-0.5009980779126032,-0.286167078807361,0.1340092766969614,0.11805197679543594
Aesthetic-Appreciation,-0.5354445930156437,-0.6792304407359265,1.0652022583416707,0.05088335257266253,-0.6069329836662434,-0.5025656000259762,0.5183896822798963,0.248765493834561,-1.43653935728455,0.04633355918628012,-0.691082510609464,0.32322438520177105,-0.9117180105018415,1.695105177528591
Amusement,0.17355876054528066,0.3949536520209681,-0.7954572206297491,-0.3711857487249224,-0.9431655013212704,0.21626051128402196,0.2062592308761527,-0.2527316780254935,0.2624543915207166,-0.022362086929873865,0.4524636794166846,0.05891089260546776,0.5286686353035545,0.1585325295530817
Anger,-0.1663181173677061,0.20689739371456853,-0.7237726305872486,-0.012859565270137428,0.36989787969532695,-0.06875174466934476,1.320165415155897,0.20988124770235778,-1.3646976229261265,0.053752242148146015,0.3695058836921629,0.14399575320765748,-0.44210928108454123,-0.31469320427026065
Anxiety,-0.0011124500420763475,-0.1426277396278812,-0.27299474427591913,-0.4685051990884884,0.2690806382266298,0.20088933216419574,0.03939070760690736,-0.05072904299217873,0.21656206221132465,-0.26348191035322793,0.42768822634767417,-0.5512992289339641,0.3109322030077484,-0.11389268343586653
Awe,-0.5653357576626226,-0.4782966541860792,1.2152356491656686,0.025093113021414468,-0.2392877261105603,-0.7470578468485068,-0.3010390004170083,0.09486880816217334,-0.4365916054422764,0.39491703262694566,-0.44504553785324474,-0.8376823696975515,-0.24116554888742442,1.7542474829627104
Awkwardness,0.10288453622022,0.47357075545359845,-0.4880370481724432,-0.2897783485187363,-1.0400540979662043,-0.021013491089937702,0.003445144272101326,-0.15488972558367228,0.13897930409627784,0.5827409223253976,0.18337189673561957,0.442097517081953,-0.19252561757869335,-0.3720994056185509
Boredom,-0.5351941828446325,-0.9325665239522559,-1.2492081326806004,-0.22087486005763157,0.17961192050272418,-0.048726931739483406,0.9471677288973137,0.42388887404639586,1.2057820007958384,-0.14257784231488835,0.33349294876233954,0.7284638900443546,-0.7482936391297442,-0.7686540249344118
Calmness,-0.4854561672228496,-1.7520304124734025,0.015193100478639254,0.47086284052924565,0.5826206001929601,0.0037799800652282617,-0.011906073503782857,0.21833537420066204,-0.15098789288293393,-0.12502272598335062,-0.3311759784982162,-0.08668145274874582,-0.9267437760203916,1.4876986687295648
Confusion,-0.2470854710813221,-0.29637985133038364,0.5178506200059765,-1.5531894605240137,-0.7869495355774989,0.3193062752288151,0.6963953662036587,0.07207225668421437,0.8019977249379968,0.08014353079977653,-0.13192824891962554,0.8086968675012046,-0.4501744230865135,-1.0101574864380751
Craving,2.1226717668912416,0.20288836457393392,-0.43629614567225183,0.2728628539271698,-0.38800984066949046,-0.2770367039480397,0.6330548239386883,-0.24715261872522784,-1.797472410819738,-1.0320050504880391,-0.39834171240681204,0.11470117207414227,-0.28410590052100637,-0.5152522911709759
Disappointment,0.017432475011492348,0.3979640222160723,-1.127421614974664,-0.29572909186540247,0.10319082158454157,-0.7235118371700298,0.1973967561849235,-0.016833041676410216,-0.23404676721176723,0.10527146309781873,0.6870308436799858,0.8528912751345469,-0.4050580362669048,-0.45805617925353453
Disgust,-0.3168409688490198,-0.46012086243717515,1.3060898811153232,0.43392178195456055,-0.4175414543759471,-0.31996622690351056,0.691327725562457,-0.3169690938409132,0.15939131593431782,0.22806326107697186,-1.045200014771634,0.29849386969173297,0.20077123732706942,-2.278940446188448
Empathic-Pain,0.6222991446291737,-0.807628381970043,0.39079707418250303,0.11838404148085552,-0.010106083809338608,0.21111599899882846,-0.20687916962812003,-0.12429901330752612,-0.03064457735844671,-0.06585275467679784,0.5051254450353132,-0.3682323659708261,-0.11352015988795174,-1.0206492771045754
Entrancement,-0.08700018813664,-0.47496809204233836,1.5939168074261938,-0.2297605435788429,0.9045772851381638,-0.3993480996736859,0.3491097095444428,-0.9767078317231416,-0.9438922287376786,-0.6026095105946223,-1.1154185517797146,0.4830584432955231,-0.8002842874566032,0.2087602013635101
Excitement,0.2542996276543331,1.7764980294977835,-1.209286465112109,-0.43291618137712423,-0.023290337758262596,-0.5702989145592098,0.5190738740148015,0.1964577858034281,-0.22448718788749172,0.11278439470663998,-0.2776761933765915,-0.5135530130849688,0.35147334397723806,0.4898263494859663
Fear,-0.5194223465716666,1.0343370420442455,0.11684245783821565,-0.4517025720051243,0.25999180508830894,-0.25671279514320566,-0.6457882690786761,0.12797684519050162,0.14229439892104348,-0.32042443288295225,-0.09265354556024454,-1.4251335057117964,0.11730338817483435,0.5189597072326176
Horror,-0.3215434714363808,0.6858346623453454,0.7011729583082603,0.009722232366247778,-0.504490298218159,0.12207385746184773,0.019663714197041403,-0.07689644960934709,-0.2600379547712661,0.18518555471088152,-0.37729740194778927,-0.8434773715550989,-0.9689230859674672,-1.1064602565468988
Interest,-0.09890307242905405,-0.3418743297425433,0.5000144710629536,-0.2844526852440103,-0.07917125875995074,-0.020684861414279287,0.49987721433990423,0.14514223880387772,0.16211436326429002,-0.5862726871645249,-0.32461786203059306,0.22127418217682646,-0.21817020032070453,-0.06647862297770105
Joy,0.6250813246808432,0.2426455464419332,-1.6730254703243936,-0.8220653913136214,-0.05355454110382839,0.31056388702623755,-0.16887394985858367,-0.12933539896697513,0.27701367372795255,-0.046266238029854995,-0.46299150630037017,0.13142343557663125,1.7691240317184633,0.2078270146639019
Nostalgia,0.3937168455188908,-1.1262577331450379,-0.31133657108959023,-0.14815105005782442,-0.7432684981123538,-0.05651662462185571,-0.04466551597475183,0.373737038618769,-0.1201918818050888,1.159383485764877,0.10491329659305121,-0.12672650219927478,0.08114617789808312,-0.03618979752537879
Pride,-0.7509907402552042,0.34592400811915697,-1.025141992030254,-0.48927111836105863,0.03516708781648178,0.1611469922247439,0.6888972054539798,0.29660314823141143,-0.537917200803965,2.092183663485175,-1.2000527650014308,-0.2513878814592866,1.068055834403963,-0.9783881632575622
Relief,-0.697760495853008,-0.6140164270437536,-0.6064402996266433,-0.41174243626563894,0.6040269535018007,-0.06139223841565124,-0.0572439955467432,0.0037152015814146174,0.30625240551408306,-0.2343025606250798,0.49137186606207267,-0.005585975769232492,2.8169991291045,-1.3950224187984144
Romance,0.5708537356664809,0.8705589835077986,-1.3433042142167877,0.0952431011647468,2.2684236443515653,-0.0015046223287340354,0.07223532999109489,-1.2866817777056985,-0.36878794451791946,-0.9184821834454007,-0.8625415971625704,-0.26094777684809506,-0.5195591779473739,0.17517293755250854
Sadness,0.7327048609444129,-1.0831650267595176,0.3331602386643642,0.6627473300775997,0.6803849809417547,-1.1463228336243436,-0.24648336895055586,0.004130577060491148,-0.34074717316265624,0.5940441256523246,-0.16060389515863654,0.2952533877064667,-0.32988272309696637,-1.6202530271746904
Satisfaction,0.6934434986242419,-0.31770878733197294,-0.033899596668144454,0.5539264673026357,-0.13614667759244622,0.07303979735156743,0.40923642333691634,0.48349122284973195,-0.8920094251856484,-0.9327679499128949,-0.62222414637055,0.026580040961920664,0.43970009074097904,-0.8551535063421705
Sexual-Desire,0.7169374604059722,2.217928456882009,-0.9132980242538498,0.13322461197248178,1.0460698589943045,0.5465986576613082,-0.5975914558028931,-1.521850572112418,-0.7731029896049882,-0.4155841699983509,-1.412353206825266,0.33109168265012767,-1.5397652343207184,-0.1769430498098416
Surprise,-0.09022619419077908,0.22813390119932528,0.3077619546235092,-0.5214379627174236,-0.429575900530589,-0.055564443641886556,0.3339293896095181,-0.15552536711606257,0.34546117368742735,-0.25594182404458105,0.2743624625086679,-0.05370394312163676,0.03144739745273795,0.21391569361721496
Sympathy,0.8838504361554373,-0.8907870492253536,-0.20595533882729977,0.053741992365522094,0.5597854439166517,0.21982877817024085,-0.7604084324912573,-0.3524568780404727,0.5244682735694797,-0.3041250358075637,0.8444648564166711,-0.023059225682810602,0.3114019647910515,-1.2868739408221435
Triumph,-0.7633440938586874,0.17206716060256746,-0.7860981806564913,-0.38457861054145737,0.3930577481549828,-0.8600291677318762,1.4839006469584857,0.43975308784473166,-0.15110562049327847,0.723078425175993,-0.7573873220462425,-0.30518127300758074,1.228908774082523,-0.38864470864353856
