,1,2,3,4,5,6,7,9,11,13,14,16,17,19,20,21,23,24,25,28,29,30,31,33,34,35,36,37,38,39,40,42,43,44,45,46,47,48,49,50,52,53,54,55,56,58,59,61,62,63,64,65,66,68,69,70,71,72,73,74,75,76,77,79,80,81,82,83,84,85,86,87,88,89,91,92,93,94,95,96,97,99,100,101,102,104,105,106,107,108,109,111,113,114,115,116,117,118,119,120,121,124,125,126,127,129,131,132,133,134,135,136,139,141,142,143,144,145,146,148,150,151,152,153,155,156,157,158,159,160,161,163,164,165,166,167,168,169,171,172,173,175,176,177,178,179,180,182,183,184,185,186,187,188,189,190,191,192,193,194,195,196,197,198,201,203,204,205,206,207,208,210,212,216,218,219,220,221,222,224,225,226,227,229,230,231,232,234,236,237,239,240,242,243,244,246,247,248,249,250,251,252,254,255,256,259,260,261,262,263,265,266,267,268,269,270,272,273,274,276,278,279,280,281,282,283,284,285,288,290,291,293,296,298,299,300,301,302,303,305,306,307,308,311,312,313,314,315,316,317,319,321,322,324,325,326,327,328,329,330,331,332,333,334,336,345,347,348,349,350,351,352,355,356,357,360,361,363,364,365,367,368,369,371,372,373,375,377,378,379,380,381,382,384,385,386,387,388,389,390,392,393,394,395,396,398,399,400,401,402,403,405,406,407,408,410,411,412,413,414,418,419,420,421,422,425,426,427,428,429,430,431,433,434,436,437,438,439,440,441,442,443,445,447,448,450,452,453,454,455,count_50,count_10,count_1
Admiration,0,50,0,0,0,0,50,0,50,50,50,50,50,0,0,0,10,10,0,0,50,0,10,0,10,10,50,10,0,0,0,0,0,0,50,0,10,0,50,0,0,0,50,0,0,0,10,0,0,0,0,10,0,0,10,0,0,0,0,50,50,0,10,50,0,0,0,10,10,50,50,0,10,0,0,0,0,0,0,50,0,0,0,10,0,0,0,50,0,0,0,10,0,10,0,50,50,0,10,10,0,0,0,10,0,0,0,0,0,0,0,0,50,0,0,0,0,0,10,0,10,0,10,0,0,0,50,0,0,0,10,0,0,10,0,0,0,50,10,0,0,50,0,0,50,0,0,0,0,50,10,0,0,0,10,0,0,0,50,10,0,0,0,50,50,0,0,0,50,50,0,10,50,0,0,0,0,0,0,10,0,0,10,0,0,50,0,0,0,0,0,0,50,0,0,10,50,50,0,0,50,0,0,10,0,0,0,50,10,50,50,0,50,50,0,0,0,10,0,10,10,0,10,0,0,10,50,0,0,50,10,0,0,10,0,0,0,0,0,0,0,50,10,0,50,0,0,0,0,50,0,10,50,0,0,0,0,0,0,50,10,0,50,0,50,0,0,0,0,10,0,0,0,10,1,0,0,0,0,0,0,0,10,1,0,0,0,1,0,0,0,0,1,0,0,50,0,10,0,0,1,0,0,0,0,0,0,1,10,0,10,10,0,0,0,1,10,50,10,0,10,0,0,10,0,0,10,10,0,0,10,50,10,0,0,0,1,0,0,0,0,1,1,0,0,0,0,1,1,0,55.0,60.0,12.0
Adoration,0,0,0,0,0,0,0,0,0,0,0,0,0,0,0,0,0,0,0,0,0,0,0,0,0,0,0,0,0,0,0,0,0,0,0,0,0,0,0,0,0,0,0,0,0,0,0,0,0,0,0,0,0,0,0,0,0,0,0,0,0,0,0,0,0,0,0,0,0,0,0,0,0,0,0,0,0,0,0,0,0,0,0,0,0,0,0,0,0,0,0,0,0,0,0,0,0,0,0,0,0,0,0,0,0,0,0,0,0,0,0,0,0,0,0,0,0,0,0,0,0,0,0,0,0,0,0,0,0,0,0,0,0,0,0,0,0,0,0,0,0,0,0,0,0,0,0,0,0,0,0,0,0,0,0,0,0,0,0,0,0,0,0,0,0,0,0,0,0,0,0,0,0,0,0,0,0,0,0,0,0,0,0,0,0,0,0,0,0,0,0,0,0,0,0,0,0,0,0,0,0,0,0,0,0,0,0,0,0,0,0,0,0,0,0,0,0,0,0,0,0,0,0,0,0,0,0,0,0,0,0,0,0,0,0,0,0,0,0,0,0,0,0,0,0,0,0,0,0,0,0,0,0,0,0,0,0,0,0,0,0,0,0,0,0,0,0,0,0,0,0,0,0,0,0,0,0,0,0,0,0,0,0,0,0,0,0,0,0,0,0,0,0,0,0,0,0,0,0,0,0,0,0,0,0,0,0,0,0,0,0,0,0,0,0,0,0,0,0,0,0,0,0,0,0,0,0,0,0,0,0,0,0,0,0,0,0,0,0,0,0,0,0,0,0,0,0,0,0,1,0.0,0.0,1.0
Aesthetic-Appreciation,0,0,0,0,0,0,0,0,0,0,0,0,0,0,0,0,50,0,0,50,0,0,0,0,0,0,0,0,0,0,0,0,0,0,0,0,0,0,0,0,0,0,0,0,0,50,0,0,0,10,0,0,0,0,0,0,0,0,0,0,0,0,0,50,0,0,0,0,0,10,0,10,0,0,0,50,0,0,0,0,0,0,0,0,0,0,0,0,0,0,0,0,0,50,0,0,0,0,0,0,0,0,0,0,0,0,0,0,0,50,0,0,0,0,0,0,0,0,0,0,0,0,0,0,0,0,50,0,0,0,0,0,0,0,0,0,0,50,0,0,0,50,0,0,0,0,0,0,0,0,0,0,0,0,50,0,0,0,0,0,0,0,0,0,0,0,0,0,0,0,0,0,0,0,0,50,0,0,0,0,0,0,0,0,0,0,0,0,0,0,0,0,10,0,0,0,0,50,0,0,0,0,0,0,0,0,50,0,0,0,0,0,0,0,0,0,0,0,0,0,0,0,0,0,0,0,0,0,0,0,0,0,0,0,0,0,0,0,50,0,0,0,0,0,10,0,0,0,0,50,0,0,0,0,0,0,0,0,0,0,0,0,0,0,0,0,0,0,0,0,0,0,0,0,0,0,0,0,0,0,0,0,0,0,0,0,0,0,0,0,0,0,0,0,0,0,0,0,0,0,0,0,0,0,50,0,0,0,0,0,0,0,0,0,0,0,0,0,0,0,0,0,0,0,0,0,0,0,0,0,0,0,0,0,0,0,0,0,0,0,0,0,0,0,0,0,0,0,0,0,17.0,5.0,0.0
Amusement,0,0,0,0,0,0,0,0,0,0,0,0,0,0,10,0,0,0,0,0,0,10,0,0,0,0,0,0,0,0,0,0,0,0,0,0,0,50,0,0,50,10,0,0,0,0,0,0,0,0,0,0,0,0,0,0,0,50,0,0,0,0,0,0,50,0,0,0,0,0,0,0,0,50,0,0,50,50,0,0,0,0,0,50,50,0,50,0,0,0,0,0,0,50,0,0,0,0,50,0,0,0,0,0,0,0,50,0,0,50,0,0,0,0,0,0,0,0,0,0,0,50,0,0,0,0,0,0,0,0,0,0,0,0,0,0,0,0,0,10,0,0,10,50,10,0,0,0,0,0,0,0,0,50,0,0,0,0,0,0,0,0,0,0,0,0,0,0,0,0,0,0,0,0,0,0,50,0,0,0,0,0,0,0,0,0,50,0,0,50,0,0,0,0,10,0,50,0,0,10,0,0,0,0,0,0,0,0,0,0,50,0,0,0,0,50,50,0,0,0,0,0,0,50,0,0,0,0,0,0,50,0,0,0,0,0,0,0,10,50,0,0,0,0,50,0,0,0,0,0,0,0,0,50,0,0,0,10,0,0,0,0,0,0,50,0,0,0,0,0,0,0,0,0,0,0,1,0,0,0,0,0,0,10,0,0,0,0,1,0,1,0,10,0,0,0,0,0,0,0,10,50,0,0,0,0,0,0,0,1,0,0,0,10,0,10,0,0,0,0,0,0,0,0,0,10,0,0,1,0,0,0,0,0,0,0,10,0,50,0,50,0,0,1,0,0,10,0,0,0,33.0,18.0,6.0
Anger,0,0,0,0,0,0,0,0,0,0,0,0,0,0,0,0,0,0,0,0,0,0,0,0,0,0,0,0,0,0,0,0,0,0,0,0,0,0,0,0,0,0,0,0,50,0,0,0,0,0,0,0,0,0,0,0,0,0,0,0,0,0,0,0,0,0,0,0,0,0,0,0,0,0,0,0,0,0,0,0,0,0,0,0,0,0,0,0,0,0,0,0,0,0,0,0,0,0,0,0,0,0,0,0,0,0,0,0,0,0,0,10,0,0,0,0,0,0,0,0,0,0,0,0,0,0,0,0,0,0,0,0,0,0,0,0,0,0,0,0,0,0,0,0,0,0,0,0,0,0,0,0,0,0,0,0,0,0,0,0,50,0,0,0,0,0,0,0,0,0,0,0,0,0,10,0,0,0,0,0,50,0,0,0,0,0,0,0,0,0,0,10,0,0,0,0,0,0,0,0,0,0,0,0,0,0,0,0,0,0,0,0,0,0,0,0,0,0,0,0,0,0,0,0,0,0,0,0,0,0,0,0,0,0,0,0,0,0,0,0,0,0,0,0,0,0,0,0,0,0,0,0,0,0,0,0,0,0,0,0,0,0,0,0,0,0,0,0,0,0,0,0,0,0,0,0,0,0,0,0,0,0,0,0,0,0,0,0,0,0,0,0,0,0,0,0,0,0,0,0,0,0,0,0,0,50,0,0,0,0,0,0,0,0,0,0,0,0,0,1,0,0,0,0,0,0,0,0,0,0,0,0,0,0,0,0,0,0,0,0,0,0,0,0,0,1,0,0,0,0,4.0,3.0,2.0
Anxiety,0,0,10,50,0,0,0,0,0,0,0,0,0,0,0,0,0,0,10,50,0,0,0,0,0,0,0,0,0,0,0,0,0,0,0,0,0,0,0,0,0,0,0,0,0,0,0,0,50,0,0,0,0,0,0,0,0,0,50,0,0,0,0,0,0,0,0,0,0,0,0,0,0,0,0,0,0,0,0,0,0,0,0,0,0,50,0,0,0,0,0,0,0,0,10,0,0,0,0,0,0,0,0,0,50,0,0,0,50,0,0,50,0,10,0,0,0,0,0,50,0,0,0,50,0,50,0,0,0,0,0,0,0,0,10,0,0,0,0,0,0,0,0,0,0,50,0,0,0,0,0,0,0,0,0,50,0,0,0,0,0,0,10,0,0,0,0,0,0,0,0,0,0,0,50,0,0,50,0,0,0,0,0,50,0,0,0,10,10,0,50,0,0,10,0,0,0,0,10,0,0,50,50,0,0,0,0,0,0,0,0,0,0,0,0,0,0,0,0,0,0,0,0,0,0,0,0,0,0,0,0,0,0,0,0,0,0,0,0,0,0,0,0,0,0,0,0,0,50,0,0,0,0,10,0,10,0,0,0,0,0,50,0,0,0,0,0,0,0,0,0,0,1,0,0,0,0,0,1,0,0,0,0,0,0,0,0,0,0,0,0,0,0,10,0,0,0,0,1,0,0,0,0,10,0,0,0,0,0,0,0,0,0,0,10,0,0,0,0,10,0,0,0,0,0,0,0,0,0,0,0,0,0,1,10,0,0,0,0,10,0,0,0,0,0,10,0,0,0,0,21.0,19.0,4.0
Awe,0,0,0,0,0,0,0,0,0,0,0,50,0,0,50,0,0,0,0,0,0,0,50,0,0,0,0,0,0,50,0,10,0,0,0,50,0,0,0,0,0,0,10,50,0,0,0,0,50,0,0,50,0,10,0,0,0,0,50,50,0,0,0,0,0,0,0,0,0,0,0,0,0,0,0,0,0,0,0,0,0,50,0,0,0,0,0,0,0,0,0,0,10,0,0,0,0,0,0,0,50,0,0,0,0,10,0,0,0,0,0,0,0,0,0,0,0,50,50,0,0,0,0,0,50,0,0,10,0,10,0,0,0,50,0,0,0,0,50,0,0,0,0,0,0,0,50,0,0,0,0,0,0,0,0,50,0,50,0,0,0,0,0,0,0,0,10,0,0,0,0,0,0,0,0,0,50,0,0,0,0,0,0,0,50,0,0,0,0,0,0,0,0,0,0,50,0,0,0,0,0,0,0,0,0,0,0,0,0,0,0,0,0,0,0,0,0,0,0,0,50,0,50,0,50,0,0,0,0,0,0,0,50,0,0,0,0,0,0,0,0,0,50,0,0,0,0,0,0,0,0,0,0,0,0,0,0,0,0,50,0,10,10,50,0,0,0,50,50,0,0,50,0,1,0,0,0,50,0,0,0,0,0,0,1,0,50,0,0,50,0,50,0,0,10,0,0,0,0,0,0,0,0,1,0,0,0,0,0,0,0,1,0,0,0,0,0,10,0,0,50,10,0,0,50,0,0,0,0,0,0,0,0,0,1,0,0,10,0,0,0,10,0,0,1,0,0,0,0,0,39.0,15.0,6.0
Calmness,50,0,0,50,50,50,50,50,0,0,0,0,0,0,0,0,50,0,0,0,0,0,0,0,0,0,0,0,0,0,0,0,0,0,50,0,50,0,0,0,0,0,0,0,0,50,50,50,0,0,0,0,50,0,0,0,0,0,0,50,0,50,0,0,0,0,0,50,50,0,0,0,0,0,0,10,10,0,0,0,0,0,0,0,0,0,0,0,0,0,50,0,0,0,0,0,50,0,0,0,0,0,0,0,0,0,0,0,0,50,0,0,0,0,0,0,50,0,0,50,50,10,0,0,0,0,0,0,0,0,0,0,0,0,0,0,0,50,50,0,0,10,0,0,0,0,50,50,0,0,0,0,0,0,0,0,0,0,0,0,0,10,0,0,0,50,0,50,0,0,0,0,0,0,0,50,0,0,0,0,0,0,0,0,0,0,0,0,0,0,0,0,0,0,0,0,0,10,0,0,10,0,0,0,0,0,10,0,0,0,50,0,0,0,0,0,0,0,50,0,0,0,0,0,0,0,10,0,0,50,0,0,0,0,0,0,0,50,0,50,50,0,0,0,0,0,0,0,0,50,0,0,10,0,0,0,50,0,50,50,0,0,0,0,0,0,0,10,0,0,0,0,0,0,0,50,0,0,0,0,0,0,0,0,0,0,0,0,0,0,0,0,0,0,0,0,50,1,0,1,0,0,0,0,1,0,0,0,0,0,0,0,0,0,0,0,0,0,1,0,1,0,10,0,0,0,0,1,0,0,0,0,0,0,0,0,0,0,0,0,0,0,0,0,0,0,0,0,0,0,42.0,12.0,6.0
Confusion,0,0,0,50,0,0,0,0,0,0,0,0,0,0,50,0,0,0,0,0,0,0,0,0,0,0,0,0,0,0,0,0,0,0,0,0,0,0,0,0,0,0,0,0,0,0,0,50,50,0,0,0,0,0,0,0,0,0,0,0,0,0,0,0,0,0,0,0,0,0,0,0,0,0,0,0,0,0,50,0,0,0,0,0,0,0,0,0,0,0,0,0,0,0,0,0,0,0,0,0,0,50,0,0,0,0,50,0,0,0,50,0,0,0,0,0,0,50,0,10,0,0,0,0,0,10,0,0,0,0,0,0,0,0,50,0,0,0,0,0,0,0,0,0,0,0,0,0,0,0,0,10,0,0,0,0,0,0,0,0,10,0,0,0,0,0,0,0,0,0,0,0,0,0,0,0,0,0,50,0,0,0,0,0,0,0,0,0,0,0,0,0,0,0,50,0,0,0,0,0,0,0,0,0,0,0,0,0,0,0,0,50,0,0,0,0,0,0,0,0,0,0,0,0,0,0,0,0,10,0,0,0,0,0,0,0,0,0,0,0,0,0,0,0,0,50,0,0,0,0,0,0,0,50,0,0,0,0,0,0,0,0,0,0,0,10,0,0,0,0,0,0,0,0,0,0,0,0,0,0,0,0,0,0,0,0,0,0,0,0,0,0,0,0,0,0,0,0,0,0,0,0,0,0,0,0,0,0,0,0,0,0,0,0,0,0,0,0,0,0,0,0,0,0,0,0,0,0,0,0,0,0,0,0,0,0,0,0,0,0,0,0,0,0,0,0,0,0,0,0,15.0,6.0,0.0
Disappointment,0,0,0,0,0,0,0,0,0,0,0,0,0,0,0,0,0,0,0,0,0,0,0,0,0,0,0,0,0,0,0,0,0,0,0,0,0,0,0,0,0,0,0,0,0,0,0,0,0,0,0,0,0,0,0,0,0,0,0,0,0,0,0,0,0,0,0,0,0,0,0,0,0,0,0,0,0,0,0,0,0,0,0,0,0,0,0,0,0,0,0,0,0,0,0,0,0,0,0,0,0,0,0,0,0,0,0,0,0,0,0,0,0,0,0,0,0,0,0,0,0,0,0,0,0,0,0,0,0,0,0,0,0,0,0,0,0,0,0,0,0,0,0,0,0,0,0,0,0,0,0,0,0,0,0,0,0,0,0,0,0,0,0,0,0,0,0,0,0,0,0,0,0,0,0,0,0,0,0,0,0,0,0,0,0,0,0,0,0,0,0,0,0,0,0,0,0,0,0,0,0,0,0,0,0,0,0,0,0,0,0,0,0,0,0,0,0,0,0,0,0,0,0,0,0,0,0,0,0,0,0,0,0,0,0,0,0,0,0,0,0,0,0,0,0,10,0,0,0,0,0,0,0,0,0,0,0,0,0,0,0,0,0,0,0,0,0,0,0,0,0,0,0,0,0,0,0,0,0,0,0,0,0,0,0,0,0,0,0,0,0,0,0,0,0,0,0,0,0,0,0,0,0,0,0,0,0,0,0,0,0,0,0,0,0,0,0,0,0,0,0,0,0,0,0,0,0,0,0,0,0,0,0,0,0,0,0,0,0,0,0,0,0,0,0,0,0,0,0,0,0.0,1.0,0.0
Disgust,0,0,50,0,0,0,0,0,0,0,0,0,0,0,0,10,0,0,0,50,0,0,0,0,0,0,0,0,0,0,0,0,0,0,0,0,0,50,0,0,0,0,0,0,50,0,0,0,0,0,0,0,0,0,0,0,0,0,50,0,0,0,0,0,0,0,0,0,0,0,0,0,0,0,0,0,0,0,0,0,0,0,0,0,0,0,0,0,0,0,0,0,0,0,0,0,0,0,0,0,0,0,0,0,0,50,0,0,0,0,10,0,0,0,0,50,0,0,0,0,0,0,0,0,0,0,0,0,50,0,0,0,0,0,0,0,0,0,0,0,0,0,0,0,0,10,0,0,0,0,0,50,10,0,0,0,0,0,0,0,0,0,0,0,0,0,0,0,0,0,0,0,0,10,0,0,0,10,0,0,10,0,0,0,0,0,0,50,0,0,0,0,0,0,50,0,0,0,0,0,0,0,0,0,0,10,0,0,0,0,0,10,0,0,0,0,0,0,0,0,0,10,0,0,0,0,0,0,0,0,0,0,0,0,10,0,0,0,0,0,0,0,0,0,0,0,0,0,0,0,0,0,0,0,0,0,0,0,0,0,0,0,0,0,0,50,0,0,0,0,0,0,0,0,0,0,0,0,0,0,0,0,0,0,0,0,0,0,0,0,0,0,0,0,0,0,0,0,0,0,0,0,0,0,0,0,0,0,0,0,0,0,1,0,0,0,0,0,0,0,0,0,0,0,0,0,0,0,0,0,0,0,0,50,0,0,0,0,0,1,0,0,0,0,0,0,0,0,0,0,13.0,11.0,2.0
Empathic-Pain,0,0,0,0,0,0,0,0,0,0,0,0,0,0,0,0,0,0,0,0,0,0,0,0,0,0,0,0,0,0,0,0,0,0,0,0,0,0,0,0,0,0,0,0,0,0,0,0,0,0,0,0,0,0,0,0,0,0,0,0,0,0,0,0,0,50,0,0,0,0,0,0,0,0,0,0,0,0,10,0,0,0,0,0,0,10,0,0,50,0,0,0,0,0,0,0,0,0,0,0,0,0,0,0,0,0,0,50,0,0,0,0,0,0,0,0,0,0,0,0,0,0,0,0,0,0,0,0,10,0,0,0,0,0,0,0,0,0,0,0,0,0,0,0,0,0,0,0,0,0,0,0,0,0,0,0,0,0,0,0,0,0,0,0,0,0,0,0,0,0,0,0,0,0,0,0,0,0,0,0,0,0,0,0,0,0,0,0,0,0,0,0,0,0,0,0,0,0,0,0,0,0,0,0,0,0,0,0,0,0,0,0,0,0,0,0,0,0,0,0,0,0,0,0,0,0,0,0,50,0,0,0,0,0,0,0,0,0,0,0,0,0,0,0,0,0,0,0,0,0,0,0,0,0,0,0,0,0,0,0,0,0,0,0,0,0,0,0,0,0,0,0,0,0,0,0,0,0,0,0,0,0,0,0,0,0,0,0,0,0,0,0,0,0,0,0,0,0,0,0,0,0,0,0,0,0,0,0,0,0,0,0,0,0,0,0,0,0,0,0,0,0,0,0,0,0,0,0,0,0,0,0,0,0,0,0,0,0,0,0,0,0,0,0,0,0,0,0,0,0,4.0,3.0,0.0
Excitement,0,0,0,0,0,0,0,0,0,0,0,0,0,0,0,0,0,0,0,0,0,0,0,0,0,0,0,0,10,0,50,0,10,0,10,50,0,0,50,0,0,0,0,50,0,0,0,0,0,0,50,0,0,50,50,0,0,10,0,0,0,0,0,0,0,0,0,0,0,0,0,0,0,0,50,0,0,0,0,50,50,50,0,0,0,0,0,0,0,10,0,0,0,0,0,0,0,0,0,0,10,0,10,0,0,0,0,0,0,0,0,0,0,0,0,0,0,0,0,0,0,0,0,0,0,0,0,0,0,0,0,0,50,0,0,50,0,0,0,0,10,0,0,0,0,0,0,0,0,0,0,0,0,0,0,0,50,0,10,0,0,0,0,0,0,0,50,0,10,0,0,50,0,0,0,0,0,0,0,0,0,0,0,0,50,50,0,0,0,0,0,0,0,0,0,0,0,0,0,0,0,0,0,0,0,0,0,0,50,0,0,0,0,0,0,10,0,0,0,0,0,0,50,0,10,0,0,50,0,0,0,0,0,0,0,0,0,0,0,0,0,0,0,10,0,0,0,0,0,0,10,0,0,0,50,0,0,0,0,0,0,0,0,0,0,0,0,0,0,0,10,0,0,0,10,0,0,0,0,0,0,1,0,0,50,1,10,10,10,1,0,10,0,0,50,0,0,0,0,0,0,0,0,0,0,0,0,0,0,10,0,0,0,1,0,0,1,0,0,0,0,50,0,0,1,0,0,0,50,0,1,0,0,0,0,0,0,0,0,0,0,50,0,10,10,0,0,0,0,0,27.0,23.0,7.0
Fear,0,0,50,0,0,0,0,0,0,0,10,10,0,0,0,50,0,0,50,0,0,50,0,0,0,0,0,0,0,0,0,0,0,0,0,10,0,10,0,0,0,0,0,10,0,0,0,0,0,0,0,0,0,0,0,10,0,0,0,0,0,0,50,0,0,50,0,0,0,0,0,0,0,50,0,0,0,0,50,0,50,0,0,0,0,50,50,0,50,0,0,0,0,0,50,0,0,0,0,0,0,50,0,0,50,50,0,50,50,0,0,50,0,50,0,50,0,0,0,0,0,0,0,50,0,50,0,50,50,0,0,0,0,0,50,0,0,0,0,0,0,0,0,10,0,0,0,0,0,0,0,50,50,0,0,0,0,0,0,0,50,0,50,0,0,0,0,0,0,0,50,0,0,50,50,0,0,50,10,0,50,50,0,50,0,0,0,50,50,0,50,50,0,50,0,50,0,0,50,0,0,10,50,0,0,50,0,0,0,0,0,50,0,0,50,0,0,0,0,0,0,50,0,0,0,0,0,0,50,0,0,0,0,0,50,0,0,0,0,0,10,0,0,0,0,50,0,0,50,0,0,0,0,0,0,50,0,0,0,0,0,50,0,50,0,0,0,0,0,0,0,0,50,0,0,0,0,0,50,0,10,0,0,0,0,0,0,50,0,0,0,0,0,50,1,0,0,0,50,0,0,0,0,50,0,10,0,0,0,0,0,0,50,0,50,0,0,0,0,50,0,0,0,0,0,0,0,0,0,0,0,0,0,10,50,0,0,50,0,50,0,0,0,0,50,50,0,0,0,0,70.0,13.0,1.0
Horror,0,0,0,0,0,0,0,0,0,0,0,0,0,0,0,0,0,0,0,0,0,0,0,0,0,0,0,0,0,0,0,0,0,0,0,0,0,0,0,0,0,0,0,0,0,0,0,0,0,0,0,0,0,0,0,0,0,0,0,0,0,0,50,0,0,0,0,0,0,0,0,0,0,0,0,0,0,0,0,0,0,0,0,0,0,0,0,0,0,0,0,0,0,0,50,0,0,0,0,0,0,0,0,0,0,0,0,0,0,0,50,0,0,50,0,10,0,0,0,0,0,0,0,10,0,0,0,0,0,0,0,0,0,0,0,0,0,0,0,0,0,0,0,0,0,0,0,0,0,0,0,0,0,0,0,0,0,0,0,0,0,0,50,0,0,0,0,0,0,0,50,0,0,0,0,0,0,0,0,0,0,0,0,0,0,0,0,0,0,0,0,0,0,50,0,0,0,0,0,0,0,0,0,0,0,50,0,0,0,0,0,0,0,0,0,0,0,0,0,0,0,50,0,0,0,0,0,0,0,0,0,0,0,0,0,0,0,0,0,0,0,0,0,0,0,0,0,0,10,0,0,0,0,0,0,0,0,0,0,0,0,0,0,0,0,50,0,0,0,0,0,0,10,0,0,0,0,0,10,0,0,0,0,0,0,0,0,0,0,0,0,0,0,1,0,0,0,0,10,0,0,0,0,0,0,1,0,0,0,0,0,0,10,0,0,0,0,0,0,0,0,0,0,0,0,0,0,0,0,0,0,0,0,0,0,0,0,0,0,0,0,0,0,0,0,0,0,0,0,0,10.0,7.0,2.0
Interest,0,50,0,0,0,10,50,0,10,10,0,0,0,50,0,0,0,0,50,0,0,0,50,50,0,50,0,0,50,10,10,50,0,10,0,0,0,0,0,50,0,0,0,0,50,0,0,10,0,50,0,0,0,0,0,50,10,50,0,0,0,10,0,50,0,10,0,0,50,0,10,50,0,0,0,0,50,10,0,10,10,10,0,0,0,0,0,50,0,0,0,50,50,0,0,0,0,50,0,0,0,0,0,0,0,0,50,0,0,0,0,0,10,0,50,0,0,10,0,0,0,0,50,0,50,0,10,50,0,50,0,50,0,0,0,0,10,0,0,50,0,0,0,0,0,0,10,10,10,0,0,0,0,0,0,10,0,0,0,0,0,50,0,0,10,50,0,50,0,10,10,0,10,50,0,0,50,0,0,50,0,0,0,10,0,10,10,0,50,10,0,0,0,0,0,0,10,0,0,50,0,0,0,0,10,0,0,50,50,0,0,0,10,0,10,0,50,50,0,0,50,0,0,50,50,0,0,0,0,50,50,10,50,50,0,0,10,0,50,50,0,10,0,50,0,0,0,0,0,0,0,50,0,0,0,0,0,0,50,0,0,0,0,10,50,0,0,50,50,0,50,10,0,0,0,1,10,0,0,1,1,10,0,0,0,10,0,0,0,10,10,0,50,0,0,10,1,0,0,50,0,1,50,0,10,0,10,0,0,0,0,0,0,0,0,0,0,0,0,0,0,0,0,0,10,1,1,0,10,1,0,0,1,0,0,1,0,1,0,0,1,0,0,50,0,0,1,0,0,0,62.0,50.0,13.0
Joy,50,50,0,0,50,0,0,50,50,50,0,0,50,10,0,0,0,50,0,0,50,0,0,50,50,50,50,50,50,50,50,0,50,50,0,0,50,0,0,50,50,50,50,0,0,0,50,0,0,50,50,50,50,50,50,0,50,0,0,0,50,0,0,0,10,0,50,50,0,50,50,50,50,0,50,50,0,50,0,0,0,0,50,50,10,0,10,50,0,50,10,0,50,0,0,50,0,0,50,50,0,0,50,50,0,0,0,0,0,0,0,0,0,0,50,0,50,0,50,0,50,50,50,0,10,0,0,0,0,50,50,50,50,50,0,50,50,0,0,50,50,0,50,0,50,0,0,0,50,50,0,0,0,50,50,0,10,50,50,50,0,50,0,50,50,0,50,10,50,50,0,50,50,0,0,0,0,0,0,0,0,0,50,0,10,0,50,0,0,50,10,0,0,0,0,0,0,0,0,50,50,0,0,50,50,0,50,0,0,50,0,0,50,50,0,50,0,50,50,0,0,0,0,10,0,50,50,50,0,0,0,50,10,50,0,50,50,0,0,0,0,50,50,50,0,0,50,50,0,0,50,0,50,0,50,0,10,50,0,0,50,0,0,0,0,0,10,0,0,50,0,0,0,50,50,0,50,1,0,50,0,50,50,50,10,50,1,0,50,0,50,1,0,0,0,1,0,50,0,0,50,10,1,0,0,0,50,50,50,50,50,50,0,50,0,50,50,0,50,0,0,1,0,50,0,50,50,50,0,50,50,10,50,0,0,50,50,0,1,0,10,0,50,0,0,0,50,50,50,0,151.0,18.0,7.0
Nostalgia,0,0,0,0,0,0,0,0,0,0,0,0,0,0,0,0,0,0,0,0,0,0,0,0,0,0,0,0,0,0,0,0,0,0,0,0,0,0,0,10,0,0,0,0,0,10,0,0,0,0,0,0,10,0,0,0,50,0,0,0,50,0,0,0,0,0,0,0,0,0,0,0,0,0,0,0,0,0,0,0,0,0,0,0,0,0,0,0,0,0,0,0,0,0,0,0,0,0,0,50,0,0,50,0,0,0,0,0,0,0,0,0,0,0,0,0,0,0,0,0,0,0,0,0,0,0,0,0,0,0,50,10,0,0,0,0,0,0,0,0,0,0,50,0,0,0,0,0,0,10,0,0,0,0,0,0,0,0,0,0,0,0,0,0,0,0,0,0,0,0,0,0,0,0,0,10,0,0,0,0,0,0,0,0,0,0,0,0,0,0,0,0,0,0,0,0,0,0,0,0,0,0,0,0,0,0,0,0,0,0,0,0,0,0,0,0,0,0,10,0,0,0,0,0,0,0,0,0,0,0,0,0,0,0,0,0,0,0,0,0,0,0,0,0,0,0,0,50,0,0,50,0,0,0,0,0,0,50,0,0,0,0,0,0,0,0,0,0,0,0,0,0,0,0,0,0,0,0,0,0,0,0,0,0,0,0,0,0,0,0,0,0,0,0,0,0,0,0,0,0,0,0,0,0,0,0,0,0,0,0,0,0,0,0,0,0,0,0,0,0,0,0,0,1,0,0,0,0,0,0,0,0,0,0,0,0,0,0,0,0,0,0,0,0,0,0,0,0,0,0,9.0,7.0,1.0
Pride,0,0,0,0,0,0,0,0,0,0,0,0,0,0,0,0,0,0,0,0,0,0,0,0,0,0,0,50,0,0,0,0,0,0,0,0,0,0,10,0,10,50,0,0,0,0,0,0,0,0,10,0,0,0,0,0,0,0,0,0,0,0,0,0,0,0,50,0,0,0,0,0,0,0,10,0,0,0,0,0,0,0,50,0,0,0,0,0,0,50,0,0,0,0,0,0,10,0,0,0,0,0,0,50,0,0,0,0,0,0,0,0,0,0,0,0,0,0,0,0,0,0,0,0,0,0,0,0,0,0,0,0,10,0,0,10,0,0,0,0,50,0,0,0,0,0,0,50,50,0,50,0,0,0,0,0,50,10,0,0,0,0,0,0,0,0,0,0,0,0,0,0,0,0,0,0,0,0,0,0,0,0,0,0,0,0,0,0,0,0,0,0,0,0,0,0,0,0,0,0,0,0,0,0,50,0,0,0,0,0,0,0,0,0,0,0,0,0,0,0,0,0,0,0,0,0,0,10,0,0,0,50,0,0,0,0,50,10,0,0,0,0,0,0,0,0,0,0,0,0,0,0,0,0,10,0,0,0,0,0,50,0,0,0,0,0,50,0,0,0,1,0,0,0,0,0,0,0,0,0,0,0,0,0,0,0,0,0,0,0,0,0,0,0,0,0,0,0,0,0,0,0,0,0,0,0,1,0,0,0,0,0,0,0,0,0,0,1,0,0,0,0,0,0,0,0,0,0,0,0,0,0,0,0,0,0,0,0,0,0,0,0,0,0,0,0,0,0,10,0,16.0,12.0,3.0
Relief,0,0,0,0,0,0,0,0,0,0,0,0,10,0,0,0,0,0,0,0,0,0,0,0,0,0,0,0,0,0,0,0,0,0,0,0,0,0,0,0,0,0,0,0,0,0,0,0,0,0,0,0,0,0,0,0,0,0,0,0,0,0,0,0,0,0,10,0,0,0,0,0,0,10,0,0,0,0,0,0,0,0,10,0,0,0,0,0,0,0,0,0,0,0,0,0,0,0,0,0,0,0,0,0,0,0,0,0,0,0,0,0,0,0,0,0,0,0,0,0,0,0,0,0,0,0,0,0,0,0,0,0,0,0,0,0,0,0,0,0,0,0,0,0,0,0,0,0,0,0,0,0,0,0,0,0,0,0,0,0,0,0,0,0,0,0,0,0,0,0,0,0,0,0,0,0,0,0,0,0,0,0,0,0,0,0,0,0,0,0,0,0,0,0,0,0,0,0,0,0,0,0,0,0,0,0,0,0,0,0,0,0,0,0,0,0,0,0,0,0,0,0,0,0,0,0,0,0,0,0,0,0,0,0,0,50,0,0,0,0,0,0,0,0,0,0,50,0,0,0,0,0,0,0,0,50,0,0,0,0,0,0,0,0,0,0,0,0,0,0,0,0,0,0,0,0,0,10,0,0,0,0,0,0,0,0,0,0,0,0,0,0,0,0,0,0,0,0,0,0,0,0,0,0,0,0,0,0,1,0,0,0,0,0,0,0,0,0,0,0,0,0,0,0,0,0,0,0,0,0,0,0,0,0,0,0,0,0,0,0,0,0,0,0,0,0,0,0,0,0,3.0,5.0,1.0
Romance,0,0,0,0,0,0,0,0,0,0,0,0,0,0,0,0,0,0,0,0,0,0,0,0,0,0,0,0,0,0,0,0,0,50,0,0,0,0,0,0,0,0,0,0,0,0,0,0,0,0,0,0,0,0,0,0,0,0,0,0,0,0,0,0,0,0,0,0,0,0,0,0,0,0,0,0,0,0,0,0,0,0,0,0,0,0,0,0,0,0,0,50,0,0,0,0,0,0,0,0,0,0,0,0,0,0,0,0,0,0,0,0,50,0,0,0,0,0,0,0,0,0,0,0,0,0,0,0,0,0,0,0,0,0,0,0,0,0,0,0,0,0,0,0,0,0,0,0,0,0,0,0,0,0,0,0,0,0,0,0,0,0,0,0,0,0,0,0,0,0,0,0,0,0,0,0,0,0,0,0,0,0,0,0,0,0,0,0,0,0,0,0,50,0,0,0,0,0,0,0,0,0,0,0,0,0,0,0,0,0,0,0,0,10,0,0,0,0,0,0,0,0,0,0,0,0,0,0,0,0,0,0,0,0,0,0,0,0,0,0,0,0,0,0,0,0,0,0,0,0,0,0,0,0,0,0,50,0,0,0,0,0,0,0,0,0,0,0,0,50,0,0,0,0,0,0,0,0,0,0,0,0,1,0,0,0,0,0,0,0,0,0,0,0,0,0,0,0,0,0,0,0,0,0,0,0,0,10,0,0,0,0,0,0,0,0,0,0,0,0,0,0,0,0,0,0,0,0,0,0,0,0,0,0,0,0,0,0,0,0,0,0,0,0,0,0,0,0,0,0,6.0,2.0,1.0
Sadness,0,0,0,0,0,0,0,0,0,0,0,0,0,0,0,0,0,0,0,0,0,0,0,0,0,0,0,0,0,0,0,0,0,0,0,0,0,0,0,0,0,0,0,0,0,0,0,0,0,0,0,0,0,0,0,0,0,0,0,0,0,0,0,0,0,0,0,0,0,0,0,0,0,0,0,0,0,0,0,0,0,0,0,0,0,0,0,0,0,0,0,0,0,0,0,0,0,10,0,0,0,0,0,0,10,0,0,0,0,0,0,0,0,0,0,0,0,0,0,0,0,0,0,0,0,0,0,0,0,0,0,0,0,0,0,0,0,0,0,0,0,0,0,0,0,0,0,0,0,0,0,0,50,0,0,0,0,0,0,0,0,0,0,0,0,0,0,0,0,0,0,0,0,0,0,0,0,0,0,0,0,10,0,0,0,0,0,0,0,0,0,0,0,0,0,0,0,0,0,0,0,0,0,0,0,0,0,0,0,0,0,0,0,0,0,0,0,0,0,50,0,0,0,0,0,0,0,0,0,0,0,0,0,0,50,0,0,0,0,0,50,0,0,0,0,0,0,0,0,0,0,0,0,0,0,0,0,0,0,0,0,0,0,0,0,0,0,0,0,0,0,0,0,0,0,0,0,0,0,0,0,0,0,0,0,0,0,0,0,0,0,0,0,0,0,0,0,0,0,0,0,0,0,0,0,0,0,0,0,0,0,0,0,0,0,0,0,0,0,0,0,0,0,0,0,0,0,0,0,0,0,0,0,0,0,0,0,0,0,0,0,0,0,0,0,0,0,0,0,0,4.0,3.0,0.0
Satisfaction,10,0,0,0,10,50,0,10,0,0,0,0,0,50,0,0,0,50,0,0,10,0,0,10,50,0,10,0,0,0,0,50,0,0,0,0,0,0,0,0,0,0,0,0,0,0,0,0,0,0,0,0,0,0,0,0,0,0,0,0,0,50,0,0,0,0,0,0,0,0,0,0,0,0,0,0,0,0,0,0,0,0,0,0,0,0,0,0,0,0,50,0,0,0,0,10,0,0,0,0,0,0,0,0,0,0,0,0,0,0,0,0,0,0,10,0,10,0,0,0,0,0,0,0,0,0,0,0,0,0,0,0,0,0,0,0,0,0,0,0,0,0,0,0,0,0,0,0,0,0,50,0,0,0,0,0,0,0,0,50,0,0,0,10,0,10,0,0,0,0,0,0,0,0,0,0,0,0,0,50,0,0,0,0,0,0,0,0,0,0,0,0,0,0,0,0,0,0,0,0,0,0,0,50,0,0,0,0,0,10,0,0,0,0,0,0,0,0,0,0,0,0,0,0,0,0,0,0,0,0,0,0,0,0,0,10,0,50,0,0,0,0,0,0,0,0,10,10,0,0,0,0,0,0,0,0,0,0,10,0,0,0,0,0,0,0,50,0,0,0,0,0,0,0,0,10,0,0,0,10,0,0,0,0,0,0,0,0,0,0,0,0,0,0,0,0,10,0,0,10,0,0,10,0,0,0,0,0,0,0,1,0,0,0,0,0,0,0,0,0,0,0,0,0,0,0,0,0,0,10,0,1,0,0,0,10,0,0,0,0,0,0,0,0,0,0,0,10,0,0,13.0,24.0,2.0
Surprise,0,0,0,0,0,0,0,0,0,0,0,0,0,0,0,50,0,0,0,0,0,50,0,0,0,0,0,0,0,0,0,0,50,0,0,0,0,0,0,0,0,0,0,0,0,0,0,0,0,0,0,0,0,0,0,50,0,0,0,0,0,0,0,0,50,0,0,0,0,0,0,0,50,0,0,0,0,0,0,0,0,0,0,0,50,0,0,0,10,0,0,0,0,0,0,0,0,50,0,0,50,10,0,0,0,0,0,10,10,0,0,0,0,0,0,0,0,0,0,0,0,0,0,0,0,0,0,0,0,0,0,0,0,0,0,0,50,0,0,0,0,0,0,50,0,50,0,0,0,0,0,0,0,10,0,0,0,0,0,0,0,0,0,0,0,0,0,0,0,0,0,0,0,0,0,0,0,0,50,0,0,0,50,0,0,0,0,0,0,0,0,50,0,0,0,0,0,0,50,0,0,50,10,0,0,0,0,10,0,0,0,0,0,0,50,0,10,0,0,0,0,0,0,0,0,50,0,0,0,0,0,0,0,0,0,0,0,0,0,0,0,0,0,0,0,0,0,0,0,0,0,50,0,0,0,0,0,0,0,0,0,0,0,0,0,0,0,0,10,0,0,1,0,0,0,0,0,0,0,0,50,0,0,0,0,0,0,0,0,0,0,0,0,0,0,0,0,0,0,0,0,0,0,0,0,0,0,0,0,0,0,0,0,0,1,0,0,0,0,0,0,0,0,0,0,0,0,0,0,0,0,0,0,0,0,0,0,0,10,0,0,0,0,0,0,0,0,0,0,0,21.0,10.0,2.0
Sympathy,0,0,0,0,0,0,0,0,0,0,50,0,0,0,0,0,0,0,0,0,0,0,0,0,0,0,0,0,0,0,0,0,0,0,0,0,0,0,0,0,0,0,0,0,0,0,0,0,0,0,0,0,0,0,0,0,0,0,0,0,0,0,0,0,0,0,0,0,0,0,0,0,0,0,0,0,0,0,0,0,0,0,0,0,0,0,0,0,0,0,0,0,0,0,0,0,0,0,0,0,0,0,0,0,0,0,0,0,0,0,0,0,0,0,0,0,0,0,0,0,0,0,0,0,0,0,0,0,0,0,0,0,0,0,0,0,0,0,0,0,0,0,0,0,0,0,0,0,0,0,0,0,0,0,0,0,0,0,0,0,0,0,0,0,0,0,0,0,0,0,0,0,0,0,0,0,0,0,0,0,0,50,0,0,0,0,0,0,0,0,0,0,0,0,0,0,0,0,0,0,0,0,0,0,0,0,0,0,0,0,0,0,0,0,0,0,0,0,0,50,0,0,0,0,0,0,0,0,0,0,0,0,0,0,0,0,0,0,0,0,0,0,0,0,0,0,0,0,0,0,0,0,0,0,0,0,0,0,0,0,0,0,50,0,0,0,0,0,0,0,0,0,0,0,0,0,0,0,0,0,0,0,0,0,0,0,0,0,0,0,0,0,0,0,0,0,0,0,0,0,0,0,0,0,0,0,0,0,0,0,0,0,0,0,0,0,0,0,0,0,0,0,50,0,0,0,0,0,0,0,0,0,0,0,0,0,0,0,0,0,0,0,10,0,0,0,0,0,0,0,5.0,1.0,0.0
primary_emotion,Calmness,Admiration,Disgust,Anxiety,Calmness,Calmness,Admiration,Calmness,Admiration,Admiration,Admiration,Admiration,Admiration,Interest,Awe,Fear,Aesthetic-Appreciation,Joy,Fear,Aesthetic-Appreciation,Admiration,Fear,Awe,Interest,Joy,Interest,Admiration,Joy,Interest,Awe,Excitement,Interest,Joy,Joy,Admiration,Awe,Calmness,Amusement,Admiration,Interest,Amusement,Joy,Admiration,Awe,Anger,Aesthetic-Appreciation,Calmness,Calmness,Anxiety,Interest,Excitement,Awe,Calmness,Excitement,Excitement,Interest,Joy,Amusement,Anxiety,Admiration,Admiration,Calmness,Fear,Admiration,Amusement,Empathic-Pain,Joy,Calmness,Calmness,Admiration,Admiration,Interest,Joy,Amusement,Excitement,Aesthetic-Appreciation,Amusement,Amusement,Confusion,Admiration,Excitement,Awe,Joy,Amusement,Amusement,Anxiety,Amusement,Admiration,Empathic-Pain,Joy,Calmness,Interest,Interest,Aesthetic-Appreciation,Fear,Admiration,Admiration,Interest,Amusement,Joy,Awe,Confusion,Joy,Joy,Anxiety,Disgust,Amusement,Empathic-Pain,Anxiety,Aesthetic-Appreciation,Confusion,Anxiety,Admiration,Fear,Interest,Disgust,Calmness,Awe,Awe,Anxiety,Calmness,Amusement,Interest,Anxiety,Awe,Anxiety,Admiration,Fear,Disgust,Interest,Joy,Interest,Excitement,Awe,Confusion,Excitement,Joy,Admiration,Awe,Interest,Joy,Admiration,Joy,Amusement,Admiration,Anxiety,Awe,Calmness,Joy,Admiration,Pride,Disgust,Fear,Amusement,Aesthetic-Appreciation,Anxiety,Excitement,Awe,Admiration,Joy,Anger,Interest,Fear,Admiration,Admiration,Calmness,Excitement,Calmness,Admiration,Admiration,Fear,Excitement,Admiration,Fear,Anxiety,Aesthetic-Appreciation,Amusement,Anxiety,Confusion,Interest,Anger,Fear,Joy,Anxiety,Awe,Admiration,Amusement,Disgust,Fear,Amusement,Anxiety,Fear,Admiration,Fear,Confusion,Awe,Admiration,Admiration,Fear,Interest,Admiration,Anxiety,Anxiety,Joy,Joy,Fear,Aesthetic-Appreciation,Admiration,Excitement,Admiration,Admiration,Confusion,Admiration,Admiration,Fear,Amusement,Amusement,Interest,Calmness,Sadness,Awe,Fear,Awe,Amusement,Awe,Joy,Admiration,Excitement,Empathic-Pain,Admiration,Amusement,Joy,Awe,Interest,Fear,Joy,Joy,Calmness,Aesthetic-Appreciation,Amusement,Calmness,Admiration,Awe,Interest,Admiration,Confusion,Joy,Joy,Anxiety,Admiration,Joy,Interest,Admiration,Amusement,Excitement,Fear,Calmness,Joy,Calmness,Admiration,Joy,Anxiety,Admiration,Awe,Admiration,Disgust,Pride,Awe,Awe,Joy,Interest,Awe,Fear,Joy,Joy,Calmness,Joy,Awe,Fear,Joy,Surprise,Joy,Joy,Joy,Excitement,Joy,Awe,Fear,Joy,Awe,Joy,Awe,Interest,Fear,Excitement,Admiration,Calmness,Joy,Fear,Interest,Joy,Amusement,Interest,Fear,Aesthetic-Appreciation,Anger,Joy,Joy,Joy,Joy,Joy,Joy,Fear,Joy,Fear,Joy,Joy,Admiration,Joy,Fear,Awe,Excitement,Sympathy,Joy,Awe,Joy,Joy,Joy,Excitement,Joy,Joy,Admiration,Joy,Disgust,Fear,Joy,Joy,Fear,Amusement,Fear,Amusement,Excitement,Joy,Interest,Fear,Fear,Joy,Joy,Joy,Adoration,0.0,0.0,0.0
primary_factor,F2,F1,F18,F1,F2,F2,F1,F2,F1,F1,F1,F1,F1,F17,F4,F14,F2,F4,F14,F2,F1,F14,F4,F17,F4,F17,F1,F4,F17,F4,F16,F17,F4,F4,F1,F4,F2,F5,F1,F17,F5,F4,F1,F4,F8,F2,F2,F2,F1,F17,F16,F4,F2,F16,F16,F17,F4,F5,F1,F1,F1,F2,F14,F1,F5,F13,F4,F2,F2,F1,F1,F17,F4,F5,F16,F2,F5,F5,F7,F1,F16,F4,F4,F5,F5,F1,F5,F1,F13,F4,F2,F17,F17,F2,F14,F1,F1,F17,F5,F4,F4,F7,F4,F4,F1,F18,F5,F13,F1,F2,F7,F1,F1,F14,F17,F18,F2,F4,F4,F1,F2,F5,F17,F1,F4,F1,F1,F14,F18,F17,F4,F17,F16,F4,F7,F16,F4,F1,F4,F17,F4,F1,F4,F5,F1,F1,F4,F2,F4,F1,F4,F18,F14,F5,F2,F1,F16,F4,F1,F4,F8,F17,F14,F1,F1,F2,F16,F2,F1,F1,F14,F16,F1,F14,F1,F2,F5,F1,F7,F17,F8,F14,F4,F1,F4,F1,F5,F18,F14,F5,F1,F14,F1,F14,F7,F4,F1,F1,F14,F17,F1,F1,F1,F4,F4,F14,F2,F1,F16,F1,F1,F7,F1,F1,F14,F5,F5,F17,F2,F3,F4,F14,F4,F5,F4,F4,F1,F16,F13,F1,F5,F4,F4,F17,F14,F4,F4,F2,F2,F5,F2,F1,F4,F17,F1,F7,F4,F4,F1,F1,F4,F17,F1,F5,F16,F14,F2,F4,F2,F1,F4,F1,F1,F4,F1,F18,F4,F4,F4,F4,F17,F4,F14,F4,F4,F2,F4,F4,F14,F4,F15,F4,F4,F4,F16,F4,F4,F14,F4,F4,F4,F4,F17,F14,F16,F1,F2,F4,F14,F17,F4,F5,F17,F14,F2,F8,F4,F4,F4,F4,F4,F4,F14,F4,F14,F4,F4,F1,F4,F14,F4,F16,F3,F4,F4,F4,F4,F4,F16,F4,F4,F1,F4,F18,F14,F4,F4,F14,F5,F14,F5,F16,F4,F17,F14,F14,F4,F4,F4,F10,,,
