emotion,n_1,n_0,approach,arousal,attention,certainty,commitment,control,dominance,effort,fairness,identity,obstruction,safety,upswing,valence,,,,,,
Admiration,432,1625,0.808 ,-0.008 ,0.123 ,0.755 ,0.797 ,0.991 ,0.894 ,0.836 ,0.670 ,0.775 ,-0.651 ,0.506 ,0.859 ,0.791 ,,,,,,
Adoration,123,1934,1.044 ,-1.140 ,-0.891 ,0.990 ,0.249 ,0.545 ,0.412 ,-1.084 ,0.753 ,0.903 ,-0.925 ,1.189 ,0.614 ,0.968 ,,,,,,
Aesthetic-Appreciation,470,1587,0.402 ,-1.230 ,-0.525 ,0.805 ,-0.797 ,0.641 ,0.498 ,-0.932 ,0.175 ,-0.067 ,-0.976 ,1.067 ,0.041 ,0.758 ,,,,,,
Amusement,711,1346,0.581 ,-0.201 ,-0.623 ,0.202 ,-0.629 ,0.351 ,0.543 ,-0.546 ,0.324 ,-0.087 ,-0.595 ,0.675 ,0.780 ,0.779 ,,,,,,
Anger,25,2032,-1.136 ,0.547 ,0.038 ,-0.068 ,0.241 ,-0.731 ,-0.450 ,0.271 ,-2.372 ,-0.498 ,1.583 ,-1.216 ,-1.487 ,-1.626 ,,←14次元がマイナスになりやすい感情,,,,
Anxiety,110,1947,-1.580 ,1.003 ,0.857 ,-1.887 ,0.094 ,-1.429 ,-1.501 ,0.702 ,-0.764 ,-0.891 ,1.816 ,-1.614 ,-1.351 ,-1.772 ,,←14次元がマイナスになりやすい感情,,,,
Awe,242,1815,0.079 ,0.643 ,1.124 ,-0.202 ,0.394 ,-0.125 ,-0.182 ,0.577 ,0.157 ,0.377 ,-0.217 ,-0.558 ,0.116 ,0.040 ,,,,,,
Awkwardness,159,1898,-0.392 ,-0.301 ,-0.764 ,-0.753 ,-0.835 ,-0.524 ,-0.262 ,-0.404 ,-0.120 ,-0.703 ,0.130 ,-0.069 ,-0.057 ,-0.180 ,,,,,,
Boredom,11,2046,-1.257 ,-1.936 ,-3.290 ,-0.476 ,-1.209 ,-0.056 ,-0.174 ,-0.888 ,-0.099 ,-0.919 ,0.549 ,0.393 ,-1.374 ,-1.065 ,,,,,,
Calmness,293,1764,0.161 ,-2.396 ,-1.250 ,0.929 ,-0.603 ,0.798 ,0.526 ,-1.518 ,0.443 ,0.291 ,-0.980 ,1.167 ,-0.186 ,0.678 ,,,,,,
Confusion,91,1966,-0.952 ,-0.311 ,-0.632 ,-2.012 ,-0.811 ,-0.871 ,-0.666 ,-0.279 ,-0.488 ,-0.924 ,0.700 ,-0.348 ,-0.892 ,-0.931 ,,,,,,
Contempt,22,2035,-1.040 ,-0.584 ,-1.102 ,-0.002 ,-0.305 ,0.135 ,0.415 ,-0.390 ,-1.544 ,-0.460 ,0.936 ,-0.301 ,-1.120 ,-1.194 ,,,,,,
Craving,55,2002,0.947 ,-0.365 ,-0.534 ,0.914 ,-0.609 ,0.466 ,0.325 ,-0.831 ,0.018 ,-0.266 ,-0.671 ,0.964 ,0.382 ,0.734 ,,,,,,
Disappointment,14,2043,-0.632 ,-0.872 ,-1.322 ,-0.625 ,0.517 ,-0.523 ,-0.486 ,0.315 ,-0.392 ,-0.006 ,1.086 ,0.257 ,-1.014 ,-0.942 ,,,,,,
Disgust,137,1920,-1.995 ,0.530 ,0.262 ,-0.265 ,-0.648 ,-1.162 ,-1.233 ,-0.126 ,-1.338 ,-1.522 ,1.277 ,-1.313 ,-1.813 ,-2.051 ,,←14次元がマイナスになりやすい感情,,,,
Empathic-Pain,213,1844,-1.420 ,0.535 ,0.547 ,-0.538 ,0.148 ,-1.464 ,-1.634 ,0.447 ,-1.669 ,-0.617 ,1.917 ,-1.552 ,-1.585 ,-2.023 ,,←14次元がマイナスになりやすい感情,,,,
Entrancement,136,1921,0.110 ,-0.383 ,0.387 ,-0.011 ,-0.365 ,0.064 ,0.092 ,-0.496 ,0.086 ,0.072 ,-0.504 ,0.316 ,-0.230 ,0.361 ,,,,,,
Envy,2,2055,-0.069 ,-0.225 ,-0.948 ,0.165 ,-0.683 ,1.054 ,1.135 ,-0.311 ,-0.390 ,0.199 ,-0.667 ,0.373 ,0.216 ,0.371 ,,,,,,
Excitement,172,1885,0.804 ,1.556 ,1.253 ,0.064 ,1.406 ,0.570 ,0.769 ,1.566 ,0.488 ,0.724 ,-0.217 ,-0.588 ,0.993 ,0.357 ,,,,,,
Fear,409,1648,-1.937 ,1.717 ,1.528 ,-1.973 ,0.210 ,-1.989 ,-2.159 ,0.809 ,-1.001 ,-0.857 ,2.218 ,-2.650 ,-1.458 ,-2.324 ,,←14次元がマイナスになりやすい感情,,,,恐怖を 非常に構造的に捉えている と言えます。
Horror,171,1886,-2.301 ,1.288 ,1.121 ,-1.100 ,-0.247 ,-1.762 ,-1.884 ,0.413 ,-1.944 ,-1.299 ,2.168 ,-1.978 ,-2.145 ,-2.314 ,,←14次元がマイナスになりやすい感情,,,,
Interest,452,1605,0.282 ,-0.340 ,-0.023 ,0.128 ,-0.245 ,0.423 ,0.420 ,0.076 ,0.143 ,-0.266 ,-0.508 ,0.392 ,0.193 ,0.363 ,,,,,,
Joy,432,1625,1.233 ,-0.164 ,-0.617 ,1.056 ,0.370 ,0.901 ,0.968 ,-0.348 ,0.954 ,1.115 ,-0.931 ,1.166 ,1.229 ,1.220 ,,,,,,
Nostalgia,87,1970,0.466 ,-1.114 ,-1.157 ,0.680 ,0.303 ,0.607 ,0.455 ,-0.783 ,0.667 ,1.370 ,-0.635 ,0.902 ,0.110 ,0.584 ,,,,,,
Pride,49,2008,0.975 ,0.145 ,0.027 ,0.924 ,1.643 ,1.216 ,1.186 ,1.334 ,1.274 ,2.232 ,-0.599 ,0.698 ,1.164 ,0.856 ,,←14次元が動きやすい感情,,,,
Relief,99,1958,-0.320 ,0.335 ,0.440 ,-0.526 ,0.774 ,-0.580 ,-0.675 ,0.915 ,0.225 ,-0.035 ,1.032 ,-0.686 ,0.613 ,-0.514 ,,,,,,
Romance,83,1974,1.082 ,-0.031 ,-0.440 ,0.687 ,1.340 ,0.589 ,0.668 ,-0.529 ,0.896 ,1.226 ,-0.731 ,0.791 ,0.636 ,0.878 ,,,,,,
Sadness,73,1984,-0.986 ,-0.216 ,-0.033 ,-0.389 ,0.358 ,-1.463 ,-1.585 ,0.100 ,-1.828 ,-0.008 ,1.572 ,-1.166 ,-1.611 ,-1.708 ,,,,,,
Satisfaction,139,1918,0.527 ,-0.958 ,-0.852 ,1.005 ,-0.195 ,1.051 ,0.754 ,-0.299 ,0.312 ,-0.058 ,-0.760 ,0.972 ,0.242 ,0.661 ,,,,,,
Sexual-Desire,54,2003,0.971 ,0.844 ,0.078 ,0.402 ,0.598 ,0.494 ,0.786 ,-0.309 ,0.312 ,0.687 ,-0.644 ,0.454 ,0.409 ,0.674 ,,,,,,
Surprise,472,1585,-0.309 ,0.531 ,0.397 ,-0.885 ,-0.474 ,-0.546 ,-0.333 ,-0.000 ,-0.094 ,-0.628 ,0.342 ,-0.452 ,0.051 ,-0.212 ,,,,,,
Sympathy,105,1952,-0.400 ,-0.141 ,0.015 ,-0.463 ,0.578 ,-0.993 ,-1.104 ,0.538 ,-0.622 ,-0.028 ,1.243 ,-0.865 ,-0.463 ,-1.004 ,,,,,,
Triumph,116,1941,1.141 ,1.076 ,0.551 ,0.662 ,1.835 ,1.239 ,1.541 ,1.860 ,1.078 ,1.518 ,-0.295 ,0.043 ,1.525 ,0.801 ,,←14次元が動きやすい感情,,,,
,,,,,,,,,,,,,,,,,,,,,,
,,, 1.0?2.5 :「その感情のときに特定の特徴が強烈に現れる」ことを意味します。,,,,,,,,,,,,,,,,,,,
,,,,↑刺激的感情,,,,,,,↑負の感情だと低い,,↑負の感情、「感情の背景が負」のものも出てくる,,,,,,,,,
,,,,,,,,,,,,,,,Fear,,,,,,,
,,,,,,,,,,,,,,,Anxiety,,,,,,,
,,,,,,,,,,,,,,,Joy,,,,,,,
,,,,,,,,,,,,,,,Pride,,,,,,,
,,,,,,,,,,,,,,,Triumph,,,,,,,
,,,,,,,,,,,,,,,,,,,,,,
,,,,,,,,,,,,,,,などは 特徴量のパターンが極めて明確 で、,,,,,,,
,,,,,,,,,,,,,,,Cohen’s d が 1.5?2.5 の軸が複数あります。,,,,,,,
,,,,,,,,,,,,,,,,,,,,,,
,,,,,,,,,,,,,,,これは「その感情が出ているときに、特定の特徴が強烈に現れる」ことを意味します。,,,,,,,
